ts_unix_ms,link_id,channel_id,osnr_db,ber,laser_bias_ma,edfa_pump_ma,rx_power_dbm,label
1710000000000,S1,C1,18.5017,1.28932e-05,39.8428,180.502,-11.9168,nominal
1710000000000,S2,C1,18.4997,1.295e-05,39.9228,180.2,-11.9777,edfa_aging
1710000000000,S3,C1,18.5913,1.06196e-05,39.9499,179.775,-12.2212,nominal
1710000001000,S1,C1,18.568,1.11743e-05,39.8266,180.124,-11.9675,nominal
1710000001000,S2,C1,18.5523,1.15612e-05,40.0009,180.101,-11.9922,edfa_aging
1710000001000,S3,C1,18.3461,1.78964e-05,40.0253,179.954,-11.8075,nominal
1710000002000,S1,C1,18.5612,1.13394e-05,39.965,179.614,-11.9337,nominal
1710000002000,S2,C1,18.5371,1.19485e-05,39.8449,180.107,-12.0104,edfa_aging
1710000002000,S3,C1,18.5479,1.1672e-05,40.0656,179.797,-12.0773,nominal
1710000003000,S1,C1,18.4745,1.36655e-05,39.8368,180.401,-11.9162,nominal
1710000003000,S2,C1,18.5362,1.19712e-05,39.833,179.83,-11.9661,edfa_aging
1710000003000,S3,C1,18.5035,1.28443e-05,39.9224,179.801,-12.0876,nominal
1710000004000,S1,C1,18.4851,1.33596e-05,40.3683,179.928,-11.8887,nominal
1710000004000,S2,C1,18.5809,1.08635e-05,39.9659,179.746,-12.0783,edfa_aging
1710000004000,S3,C1,18.5659,1.12248e-05,39.9812,180.653,-12.0567,nominal
1710000005000,S1,C1,18.4736,1.36904e-05,39.9368,180.316,-11.9187,nominal
1710000005000,S2,C1,18.4397,1.47118e-05,40.0201,179.898,-12.0884,edfa_aging
1710000005000,S3,C1,18.5193,1.24158e-05,40.0141,180.324,-12.0428,nominal
1710000006000,S1,C1,18.5285,1.21721e-05,39.9008,179.775,-12.008,nominal
1710000006000,S2,C1,18.4687,1.38363e-05,39.8973,180.135,-11.8801,edfa_aging
1710000006000,S3,C1,18.5914,1.0619e-05,40.099,180.542,-11.8893,nominal
1710000007000,S1,C1,18.4972,1.30185e-05,39.9167,180.145,-11.9939,nominal
1710000007000,S2,C1,18.434,1.48918e-05,40.1531,179.508,-11.9984,edfa_aging
1710000007000,S3,C1,18.5016,1.28966e-05,40.034,179.813,-12.1841,nominal
1710000008000,S1,C1,18.5373,1.19416e-05,39.8383,179.343,-11.968,nominal
1710000008000,S2,C1,18.4946,1.30907e-05,40.3323,179.948,-11.9813,edfa_aging
1710000008000,S3,C1,18.4742,1.36742e-05,40.0354,179.317,-11.9515,nominal
1710000009000,S1,C1,18.4076,1.57408e-05,39.6306,180.15,-12.0103,nominal
1710000009000,S2,C1,18.5499,1.16207e-05,40.0852,180.605,-11.9996,edfa_aging
1710000009000,S3,C1,18.529,1.2158e-05,40.0679,179.862,-11.894,nominal
1710000010000,S1,C1,18.5783,1.09255e-05,39.9606,179.385,-12.0194,nominal
1710000010000,S2,C1,18.4989,1.2971e-05,39.9704,180.278,-11.9886,edfa_aging
1710000010000,S3,C1,18.5216,1.23539e-05,39.9521,180.221,-11.9076,nominal
1710000011000,S1,C1,18.4952,1.30748e-05,40.0456,180.065,-11.8529,nominal
1710000011000,S2,C1,18.5248,1.22693e-05,39.9495,179.621,-11.9038,edfa_aging
1710000011000,S3,C1,18.4822,1.34438e-05,40.0518,179.818,-11.9445,nominal
1710000012000,S1,C1,18.534,1.20277e-05,39.7734,178.975,-11.9617,nominal
1710000012000,S2,C1,18.4045,1.58459e-05,40.2412,180.482,-11.9815,edfa_aging
1710000012000,S3,C1,18.4876,1.32875e-05,39.8886,180.087,-11.9219,nominal
1710000013000,S1,C1,18.4932,1.31311e-05,39.9998,179.973,-11.8501,nominal
1710000013000,S2,C1,18.5074,1.27381e-05,40.0444,179.329,-12.0064,edfa_aging
1710000013000,S3,C1,18.536,1.19771e-05,39.7261,179.635,-12.0296,nominal
1710000014000,S1,C1,18.481,1.34757e-05,39.8175,180.291,-12.0616,nominal
1710000014000,S2,C1,18.4547,1.4254e-05,40.0904,179.915,-12.0467,edfa_aging
1710000014000,S3,C1,18.5352,1.19966e-05,40.0597,180.211,-12.0565,nominal
1710000015000,S1,C1,18.5232,1.23127e-05,39.9936,180.195,-12.0038,nominal
1710000015000,S2,C1,18.5888,1.06794e-05,40.0325,180.436,-11.9824,edfa_aging
1710000015000,S3,C1,18.4753,1.36417e-05,39.706,179.842,-12.0514,nominal
1710000016000,S1,C1,18.5412,1.18419e-05,40.0528,180.482,-12.035,nominal
1710000016000,S2,C1,18.5443,1.17623e-05,39.9129,180.261,-11.9062,edfa_aging
1710000016000,S3,C1,18.4816,1.34594e-05,39.9753,180.015,-12.1418,nominal
1710000017000,S1,C1,18.4899,1.3224e-05,40.0717,179.566,-12.0314,nominal
1710000017000,S2,C1,18.5475,1.1683e-05,40.2272,180.137,-12.0385,edfa_aging
1710000017000,S3,C1,18.4097,1.56739e-05,40.2272,180.279,-11.9212,nominal
1710000018000,S1,C1,18.4924,1.31539e-05,40.0641,180.633,-12.0233,nominal
1710000018000,S2,C1,18.4971,1.3021e-05,39.9623,179.59,-12.0301,edfa_aging
1710000018000,S3,C1,18.584,1.07921e-05,40.1062,179.722,-12.0035,nominal
1710000019000,S1,C1,18.5343,1.20208e-05,39.8932,180.648,-12.0101,nominal
1710000019000,S2,C1,18.5306,1.21156e-05,40.0217,179.351,-11.9005,edfa_aging
1710000019000,S3,C1,18.4888,1.32548e-05,39.8463,179.591,-11.9705,nominal
1710000020000,S1,C1,18.4565,1.41987e-05,40.1308,179.514,-12.0349,nominal
1710000020000,S2,C1,18.5329,1.20569e-05,39.6751,180.206,-11.9774,edfa_aging
1710000020000,S3,C1,18.5669,1.12016e-05,40.1081,179.69,-11.8787,nominal
1710000021000,S1,C1,18.4243,1.51992e-05,39.9316,179.678,-11.8574,nominal
1710000021000,S2,C1,18.4828,1.34259e-05,40.3253,180.107,-11.9073,edfa_aging
1710000021000,S3,C1,18.5209,1.23733e-05,40.0337,180.241,-11.888,nominal
1710000022000,S1,C1,18.5197,1.24033e-05,40.0513,179.768,-11.9467,nominal
1710000022000,S2,C1,18.4751,1.36467e-05,40.1124,180.661,-12.0778,edfa_aging
1710000022000,S3,C1,18.5972,1.04844e-05,39.8735,179.88,-11.9536,nominal
1710000023000,S1,C1,18.4665,1.39006e-05,40.1045,179.99,-12.0593,nominal
1710000023000,S2,C1,18.4943,1.31005e-05,39.9841,179.765,-12.0538,edfa_aging
1710000023000,S3,C1,18.5769,1.09606e-05,39.9835,180.432,-12.0644,nominal
1710000024000,S1,C1,18.404,1.58619e-05,39.9531,180.074,-12.0435,nominal
1710000024000,S2,C1,18.4697,1.38047e-05,39.879,179.56,-12.0774,edfa_aging
1710000024000,S3,C1,18.5159,1.2506e-05,39.9186,180.222,-12.142,nominal
1710000025000,S1,C1,18.4593,1.41142e-05,39.8061,179.002,-11.9412,nominal
1710000025000,S2,C1,18.4703,1.37883e-05,39.9058,179.774,-11.961,edfa_aging
1710000025000,S3,C1,18.574,1.10281e-05,39.9517,180.45,-11.9287,nominal
1710000026000,S1,C1,18.4766,1.36035e-05,40.0908,180.238,-11.9571,nominal
1710000026000,S2,C1,18.4858,1.33388e-05,39.7409,179.266,-12.1152,edfa_aging
1710000026000,S3,C1,18.4525,1.43194e-05,40.0479,180.083,-12.1344,nominal
1710000027000,S1,C1,18.4403,1.46926e-05,39.8311,179.896,-12.0486,nominal
1710000027000,S2,C1,18.4636,1.39864e-05,40.0688,179.842,-11.9513,edfa_aging
1710000027000,S3,C1,18.5629,1.12978e-05,39.767,180.487,-12.023,nominal
1710000028000,S1,C1,18.4254,1.51642e-05,39.8651,179.588,-11.927,nominal
1710000028000,S2,C1,18.5383,1.19166e-05,39.8664,179.959,-11.997,edfa_aging
1710000028000,S3,C1,18.426,1.51449e-05,40.1245,180.303,-12.0104,nominal
1710000029000,S1,C1,18.5018,1.28898e-05,39.8333,180.382,-12.1137,nominal
1710000029000,S2,C1,18.4202,1.53305e-05,40.0625,179.911,-11.9539,edfa_aging
1710000029000,S3,C1,18.5172,1.24725e-05,40.2984,179.25,-12.0603,nominal
1710000030000,S1,C1,18.5449,1.17491e-05,40.1251,179.859,-12.0376,nominal
1710000030000,S2,C1,18.5412,1.18431e-05,40.0664,180.691,-11.9273,edfa_aging
1710000030000,S3,C1,18.5532,1.15378e-05,39.975,180.576,-11.9908,nominal
1710000031000,S1,C1,18.4883,1.32674e-05,39.9742,180.457,-11.8634,nominal
1710000031000,S2,C1,18.4687,1.38342e-05,40.2878,180.718,-11.9154,edfa_aging
1710000031000,S3,C1,18.5112,1.26339e-05,39.8535,180.357,-11.9263,nominal
1710000032000,S1,C1,18.4628,1.40089e-05,39.6614,180.214,-12.2066,nominal
1710000032000,S2,C1,18.4727,1.37175e-05,40.0311,179.848,-12.1796,edfa_aging
1710000032000,S3,C1,18.4816,1.34585e-05,39.9379,179.854,-11.883,nominal
1710000033000,S1,C1,18.5192,1.24166e-05,40.1089,179.869,-12.0163,nominal
1710000033000,S2,C1,18.4325,1.49394e-05,40.0435,179.761,-11.9429,edfa_aging
1710000033000,S3,C1,18.4597,1.41014e-05,40.1816,179.538,-12.0359,nominal
1710000034000,S1,C1,18.5359,1.19799e-05,40.3093,180.472,-11.9219,nominal
1710000034000,S2,C1,18.4928,1.31419e-05,40.075,180.485,-11.9031,edfa_aging
1710000034000,S3,C1,18.4829,1.34236e-05,39.9238,179.281,-12.11,nominal
1710000035000,S1,C1,18.485,1.33625e-05,40.2686,180.324,-12.0116,nominal
1710000035000,S2,C1,18.4876,1.3288e-05,39.9059,180.405,-12.0234,edfa_aging
1710000035000,S3,C1,18.5526,1.1555e-05,40.07,180.073,-12.0181,nominal
1710000036000,S1,C1,18.5272,1.2205e-05,39.9134,179.794,-12.062,nominal
1710000036000,S2,C1,18.5096,1.26776e-05,39.9628,179.493,-11.9367,edfa_aging
1710000036000,S3,C1,18.5445,1.17572e-05,40.3396,179.677,-12.087,nominal
1710000037000,S1,C1,18.5521,1.15653e-05,40.0102,179.348,-12.0706,nominal
1710000037000,S2,C1,18.4733,1.36997e-05,40.0493,179.693,-11.9403,edfa_aging
1710000037000,S3,C1,18.4869,1.33085e-05,39.8915,179.556,-12.081,nominal
1710000038000,S1,C1,18.4897,1.32303e-05,40.0749,179.778,-12.165,nominal
1710000038000,S2,C1,18.5047,1.28112e-05,40.1754,179.674,-11.9314,edfa_aging
1710000038000,S3,C1,18.4377,1.47749e-05,40.0146,179.626,-11.9812,nominal
1710000039000,S1,C1,18.4593,1.41133e-05,40.1326,180.247,-12.1052,nominal
1710000039000,S2,C1,18.591,1.06278e-05,40.1138,179.473,-12.0766,edfa_aging
1710000039000,S3,C1,18.5337,1.2036e-05,39.9145,179.369,-11.9132,nominal
1710000040000,S1,C1,18.5174,1.24666e-05,40.0038,179.902,-11.9949,nominal
1710000040000,S2,C1,18.5204,1.23846e-05,39.9616,179.757,-11.8852,edfa_aging
1710000040000,S3,C1,18.4275,1.50962e-05,39.9445,180.391,-11.9887,nominal
1710000041000,S1,C1,18.5124,1.26015e-05,39.8343,180.71,-12.0452,nominal
1710000041000,S2,C1,18.4713,1.37581e-05,40.1864,179.485,-12.0937,edfa_aging
1710000041000,S3,C1,18.4735,1.36955e-05,40.0176,179.671,-11.9799,nominal
1710000042000,S1,C1,18.5549,1.14954e-05,40.1117,180.103,-12.0011,nominal
1710000042000,S2,C1,18.5477,1.16783e-05,39.9463,180.281,-11.9462,edfa_aging
1710000042000,S3,C1,18.4633,1.39959e-05,39.8887,180.008,-11.909,nominal
1710000043000,S1,C1,18.4358,1.48352e-05,40.0908,180.077,-12.012,nominal
1710000043000,S2,C1,18.4936,1.31202e-05,39.774,180.175,-11.935,edfa_aging
1710000043000,S3,C1,18.5372,1.19463e-05,40.0678,180.079,-11.9501,nominal
1710000044000,S1,C1,18.4669,1.38874e-05,39.7989,180.161,-11.9776,nominal
1710000044000,S2,C1,18.5297,1.21404e-05,40.2402,179.305,-11.9401,edfa_aging
1710000044000,S3,C1,18.5118,1.26172e-05,40.0264,180.163,-12.0941,nominal
1710000045000,S1,C1,18.4581,1.41503e-05,39.9434,179.642,-12.1316,nominal
1710000045000,S2,C1,18.5306,1.21158e-05,40.008,179.729,-11.9503,edfa_aging
1710000045000,S3,C1,18.5231,1.23144e-05,40.1742,179.953,-12.0482,nominal
1710000046000,S1,C1,18.4133,1.55546e-05,40.0388,179.949,-12.0245,nominal
1710000046000,S2,C1,18.4804,1.34929e-05,39.9366,179.749,-11.8627,edfa_aging
1710000046000,S3,C1,18.5136,1.25678e-05,40.1026,180.344,-12.0344,nominal
1710000047000,S1,C1,18.5063,1.27663e-05,39.998,179.731,-12.027,nominal
1710000047000,S2,C1,18.4035,1.58784e-05,39.8246,180.539,-11.9254,edfa_aging
1710000047000,S3,C1,18.4661,1.39115e-05,40.0575,179.778,-11.8853,nominal
1710000048000,S1,C1,18.5264,1.22272e-05,40.077,179.051,-12.0248,nominal
1710000048000,S2,C1,18.4826,1.34306e-05,39.941,179.731,-11.9495,edfa_aging
1710000048000,S3,C1,18.5268,1.22171e-05,40.2244,180.861,-12.1085,nominal
1710000049000,S1,C1,18.4631,1.40018e-05,40.1177,179.281,-12.0705,nominal
1710000049000,S2,C1,18.5276,1.21961e-05,40.2616,180.333,-11.8864,edfa_aging
1710000049000,S3,C1,18.5706,1.11104e-05,39.9717,179.387,-12.0176,nominal
1710000050000,S1,C1,18.5693,1.11429e-05,40.0796,180.295,-12.1738,nominal
1710000050000,S2,C1,18.481,1.34772e-05,39.9994,180.63,-12.0933,edfa_aging
1710000050000,S3,C1,18.4982,1.29916e-05,40.0952,180.293,-12.2251,nominal
1710000051000,S1,C1,18.5411,1.18452e-05,39.9811,179.819,-11.9502,nominal
1710000051000,S2,C1,18.5219,1.23447e-05,40.3438,179.64,-12.0152,edfa_aging
1710000051000,S3,C1,18.5317,1.20885e-05,39.9054,180.886,-12.0456,nominal
1710000052000,S1,C1,18.5314,1.20967e-05,39.7959,179.949,-11.9356,nominal
1710000052000,S2,C1,18.549,1.16449e-05,40.0138,180.202,-12.0766,edfa_aging
1710000052000,S3,C1,18.4937,1.31161e-05,40.215,179.635,-12.0775,nominal
1710000053000,S1,C1,18.5201,1.23943e-05,40.0906,179.402,-11.8124,nominal
1710000053000,S2,C1,18.4728,1.37148e-05,40.1808,180.032,-12.085,edfa_aging
1710000053000,S3,C1,18.5514,1.15833e-05,39.8939,180.582,-12.0846,nominal
1710000054000,S1,C1,18.5478,1.16751e-05,40.2084,179.761,-11.9423,nominal
1710000054000,S2,C1,18.5616,1.13313e-05,40.0159,180.347,-11.9045,edfa_aging
1710000054000,S3,C1,18.5333,1.20455e-05,40.1479,180.828,-11.9533,nominal
1710000055000,S1,C1,18.4334,1.49096e-05,40.2946,180.314,-11.87,nominal
1710000055000,S2,C1,18.5811,1.08599e-05,39.9421,179.451,-11.9716,edfa_aging
1710000055000,S3,C1,18.5438,1.17764e-05,39.8961,179.837,-12.0741,nominal
1710000056000,S1,C1,18.5307,1.21142e-05,39.9932,180.037,-11.953,nominal
1710000056000,S2,C1,18.554,1.15201e-05,39.9468,179.849,-11.8629,edfa_aging
1710000056000,S3,C1,18.5174,1.24656e-05,40.0366,180.627,-11.8958,nominal
1710000057000,S1,C1,18.5301,1.21288e-05,39.9928,179.788,-12.0302,nominal
1710000057000,S2,C1,18.5583,1.14126e-05,39.9712,179.336,-11.9321,edfa_aging
1710000057000,S3,C1,18.582,1.08384e-05,39.8462,179.791,-11.9919,nominal
1710000058000,S1,C1,18.4116,1.56098e-05,40.2151,180.615,-11.9608,nominal
1710000058000,S2,C1,18.5548,1.14979e-05,39.8294,180.284,-12.2261,edfa_aging
1710000058000,S3,C1,18.4819,1.345e-05,39.8909,180.138,-12.0267,nominal
1710000059000,S1,C1,18.5174,1.24674e-05,40.214,179.973,-12.0925,nominal
1710000059000,S2,C1,18.6127,1.01334e-05,39.8247,179.214,-12.0175,edfa_aging
1710000059000,S3,C1,18.4833,1.34113e-05,39.8643,179.93,-12.0909,nominal
1710000060000,S1,C1,18.4875,1.32919e-05,40.0492,179.857,-11.9809,nominal
1710000060000,S2,C1,18.5093,1.26852e-05,40.0662,180.024,-12.0298,edfa_aging
1710000060000,S3,C1,18.4704,1.37847e-05,40.0715,179.631,-11.8669,nominal
1710000061000,S1,C1,18.5391,1.1897e-05,40.105,180.459,-12.0087,nominal
1710000061000,S2,C1,18.5001,1.29377e-05,40.1998,179.37,-12.0465,edfa_aging
1710000061000,S3,C1,18.5305,1.21181e-05,40.0852,179.583,-11.9946,nominal
1710000062000,S1,C1,18.478,1.35622e-05,39.8838,179.298,-12.0837,nominal
1710000062000,S2,C1,18.5302,1.21284e-05,40.0361,179.7,-11.8589,edfa_aging
1710000062000,S3,C1,18.4689,1.38296e-05,40.1199,179.789,-11.8605,nominal
1710000063000,S1,C1,18.4991,1.29659e-05,40.0856,180.22,-11.9033,nominal
1710000063000,S2,C1,18.4546,1.42559e-05,40.02,179.669,-12.0394,edfa_aging
1710000063000,S3,C1,18.4678,1.38622e-05,40.0674,179.422,-11.8042,nominal
1710000064000,S1,C1,18.5171,1.2473e-05,39.8741,179.548,-11.9115,nominal
1710000064000,S2,C1,18.4223,1.52614e-05,39.8753,180.025,-11.9095,edfa_aging
1710000064000,S3,C1,18.5364,1.19667e-05,39.9778,180.089,-12.0006,nominal
1710000065000,S1,C1,18.4562,1.42076e-05,39.9762,179.68,-11.9635,nominal
1710000065000,S2,C1,18.4559,1.42163e-05,40.1836,180.215,-12.0039,edfa_aging
1710000065000,S3,C1,18.5581,1.14168e-05,40.1086,180.07,-11.9408,nominal
1710000066000,S1,C1,18.5299,1.21343e-05,39.9795,179.722,-11.9354,nominal
1710000066000,S2,C1,18.5186,1.24333e-05,40.1714,180.456,-12.0063,edfa_aging
1710000066000,S3,C1,18.5287,1.2166e-05,40.2416,180.457,-11.8896,nominal
1710000067000,S1,C1,18.4948,1.30868e-05,39.9276,180.05,-11.8696,nominal
1710000067000,S2,C1,18.5237,1.22995e-05,39.8383,180.547,-12.0453,edfa_aging
1710000067000,S3,C1,18.3658,1.71772e-05,39.9544,180.183,-11.9974,nominal
1710000068000,S1,C1,18.5246,1.22738e-05,39.6811,180.041,-12.0105,nominal
1710000068000,S2,C1,18.4232,1.52344e-05,40.024,180.014,-11.8587,edfa_aging
1710000068000,S3,C1,18.4523,1.43247e-05,39.8999,179.953,-12.1303,nominal
1710000069000,S1,C1,18.4739,1.36823e-05,39.874,180.12,-12.1071,nominal
1710000069000,S2,C1,18.4058,1.58006e-05,39.9632,179.562,-11.9989,edfa_aging
1710000069000,S3,C1,18.4463,1.45077e-05,40.0957,179.891,-11.9174,nominal
1710000070000,S1,C1,18.5543,1.15111e-05,40.0479,180.082,-12.0754,nominal
1710000070000,S2,C1,18.4842,1.33855e-05,39.7883,180.493,-12.0793,edfa_aging
1710000070000,S3,C1,18.4396,1.47149e-05,40.3166,181,-12.0425,nominal
1710000071000,S1,C1,18.5303,1.21256e-05,39.9888,180.563,-11.9447,nominal
1710000071000,S2,C1,18.4906,1.32036e-05,40.2562,179.507,-11.9846,edfa_aging
1710000071000,S3,C1,18.4796,1.3517e-05,40.0004,179.402,-12.0929,nominal
1710000072000,S1,C1,18.4911,1.31894e-05,39.9388,180.679,-11.9817,nominal
1710000072000,S2,C1,18.4975,1.30089e-05,40.1922,180.005,-12.1124,edfa_aging
1710000072000,S3,C1,18.5909,1.06303e-05,39.9645,179.489,-12.0486,nominal
1710000073000,S1,C1,18.5316,1.20907e-05,40.0622,180.284,-12.1176,nominal
1710000073000,S2,C1,18.5336,1.20394e-05,40.062,179.727,-11.891,edfa_aging
1710000073000,S3,C1,18.4846,1.3373e-05,39.8633,180.913,-11.8859,nominal
1710000074000,S1,C1,18.563,1.12964e-05,40.1012,180.303,-11.8951,nominal
1710000074000,S2,C1,18.5614,1.13344e-05,40.2272,179.757,-12.0937,edfa_aging
1710000074000,S3,C1,18.4632,1.39968e-05,39.906,180.448,-12.0798,nominal
1710000075000,S1,C1,18.5896,1.0661e-05,40.125,179.846,-11.9828,nominal
1710000075000,S2,C1,18.5115,1.2624e-05,39.9374,180.081,-12.0518,edfa_aging
1710000075000,S3,C1,18.5349,1.20038e-05,39.8738,180.094,-12.0456,nominal
1710000076000,S1,C1,18.4213,1.52943e-05,39.8767,179.555,-11.8719,nominal
1710000076000,S2,C1,18.5306,1.21158e-05,40.056,179.551,-11.98,edfa_aging
1710000076000,S3,C1,18.5035,1.2845e-05,39.8703,180.236,-12.0867,nominal
1710000077000,S1,C1,18.5442,1.17671e-05,40.0009,180.236,-11.9102,nominal
1710000077000,S2,C1,18.4452,1.45411e-05,40.2177,179.966,-12.0794,edfa_aging
1710000077000,S3,C1,18.506,1.27742e-05,40.1718,180.419,-11.9011,nominal
1710000078000,S1,C1,18.5233,1.23101e-05,39.9475,180.012,-12.0341,nominal
1710000078000,S2,C1,18.4412,1.46664e-05,39.97,179.968,-11.8801,edfa_aging
1710000078000,S3,C1,18.4657,1.39244e-05,40.204,179.437,-11.9411,nominal
1710000079000,S1,C1,18.4953,1.30712e-05,39.8659,180.344,-11.992,nominal
1710000079000,S2,C1,18.5118,1.26168e-05,40.0601,180.426,-12.0002,edfa_aging
1710000079000,S3,C1,18.4999,1.29426e-05,40.0301,179.898,-11.8656,nominal
1710000080000,S1,C1,18.4497,1.44054e-05,39.7731,179.262,-12.0577,nominal
1710000080000,S2,C1,18.5332,1.20481e-05,39.8683,180.457,-11.9887,edfa_aging
1710000080000,S3,C1,18.5217,1.23506e-05,40.031,180.309,-11.918,nominal
1710000081000,S1,C1,18.5629,1.12995e-05,39.9828,181.078,-12.0661,nominal
1710000081000,S2,C1,18.5363,1.19683e-05,40.112,180.318,-11.9914,edfa_aging
1710000081000,S3,C1,18.4044,1.58468e-05,40.1383,180.289,-11.9534,nominal
1710000082000,S1,C1,18.4369,1.47995e-05,39.8666,179.486,-12.023,nominal
1710000082000,S2,C1,18.5296,1.21419e-05,40.1886,180.03,-11.9984,edfa_aging
1710000082000,S3,C1,18.4195,1.53534e-05,40.0196,180.468,-11.8751,nominal
1710000083000,S1,C1,18.5283,1.21757e-05,40.3205,180.012,-11.9597,nominal
1710000083000,S2,C1,18.5392,1.18936e-05,39.8662,180.698,-11.9877,edfa_aging
1710000083000,S3,C1,18.5542,1.15132e-05,40.0335,180.123,-11.908,nominal
1710000084000,S1,C1,18.5651,1.12448e-05,39.9827,180.398,-11.8908,nominal
1710000084000,S2,C1,18.5405,1.18607e-05,39.894,180.401,-11.8396,edfa_aging
1710000084000,S3,C1,18.5422,1.18182e-05,40.1066,179.885,-11.9706,nominal
1710000085000,S1,C1,18.42,1.53363e-05,39.9638,179.441,-12.0699,nominal
1710000085000,S2,C1,18.4124,1.55843e-05,40.0019,179.506,-12.0153,edfa_aging
1710000085000,S3,C1,18.4747,1.36602e-05,40.0118,179.787,-11.9332,nominal
1710000086000,S1,C1,18.4849,1.3366e-05,39.9379,179.775,-11.9435,nominal
1710000086000,S2,C1,18.4633,1.39949e-05,40.2229,180.133,-12.0771,edfa_aging
1710000086000,S3,C1,18.449,1.44261e-05,40.2099,180.276,-11.8324,nominal
1710000087000,S1,C1,18.4345,1.48739e-05,40.2788,179.184,-11.996,nominal
1710000087000,S2,C1,18.5228,1.23232e-05,39.9347,180.197,-11.8954,edfa_aging
1710000087000,S3,C1,18.4907,1.32001e-05,40.5015,180.023,-11.9365,nominal
1710000088000,S1,C1,18.5122,1.26062e-05,39.8562,179.422,-12.0164,nominal
1710000088000,S2,C1,18.5298,1.21368e-05,39.8855,179.677,-11.9186,edfa_aging
1710000088000,S3,C1,18.4403,1.46933e-05,40.0187,180.22,-12.1284,nominal
1710000089000,S1,C1,18.5757,1.09878e-05,39.9733,179.218,-11.9093,nominal
1710000089000,S2,C1,18.4244,1.51955e-05,39.9945,180.111,-12.0316,edfa_aging
1710000089000,S3,C1,18.483,1.34198e-05,40.0608,180.591,-12.1658,nominal
1710000090000,S1,C1,18.6012,1.03934e-05,39.882,180.041,-12.0269,nominal
1710000090000,S2,C1,18.5587,1.14032e-05,40.1818,179.883,-12.0323,edfa_aging
1710000090000,S3,C1,18.5826,1.08253e-05,39.8956,180.526,-12.0705,nominal
1710000091000,S1,C1,18.4111,1.56268e-05,39.9788,180.117,-11.8893,nominal
1710000091000,S2,C1,18.4781,1.35618e-05,39.7795,179.653,-11.8933,edfa_aging
1710000091000,S3,C1,18.5066,1.27586e-05,39.9524,179.531,-11.9064,nominal
1710000092000,S1,C1,18.4713,1.37599e-05,39.9921,179.871,-12.0249,nominal
1710000092000,S2,C1,18.4884,1.32664e-05,39.9838,180.036,-11.9841,edfa_aging
1710000092000,S3,C1,18.5583,1.14116e-05,40.0326,180.498,-11.9532,nominal
1710000093000,S1,C1,18.5352,1.19976e-05,40.1623,180.508,-12.0716,nominal
1710000093000,S2,C1,18.5137,1.25659e-05,40.2062,179.762,-12.0014,edfa_aging
1710000093000,S3,C1,18.4889,1.32525e-05,40.0822,179.649,-11.9313,nominal
1710000094000,S1,C1,18.579,1.09103e-05,39.7851,180.559,-11.9374,nominal
1710000094000,S2,C1,18.5375,1.19381e-05,40.0039,179.522,-12.0082,edfa_aging
1710000094000,S3,C1,18.5185,1.24375e-05,39.9915,179.382,-12.0017,nominal
1710000095000,S1,C1,18.5211,1.23683e-05,39.9944,179.996,-12.1139,nominal
1710000095000,S2,C1,18.4283,1.50696e-05,39.9657,180.019,-12.049,edfa_aging
1710000095000,S3,C1,18.5693,1.11426e-05,39.8418,180.88,-12.0079,nominal
1710000096000,S1,C1,18.4627,1.40127e-05,40.24,179.91,-12.0923,nominal
1710000096000,S2,C1,18.5495,1.16318e-05,40.1366,179.27,-11.9476,edfa_aging
1710000096000,S3,C1,18.4332,1.49159e-05,40.0775,180.152,-12.0369,nominal
1710000097000,S1,C1,18.5149,1.25345e-05,39.921,179.889,-12.0129,nominal
1710000097000,S2,C1,18.5039,1.28338e-05,39.8257,180.466,-12.1075,edfa_aging
1710000097000,S3,C1,18.4826,1.34303e-05,39.9406,179.801,-12.0099,nominal
1710000098000,S1,C1,18.4992,1.29636e-05,39.9709,179.817,-11.9978,nominal
1710000098000,S2,C1,18.4615,1.40495e-05,40.3165,179.873,-12.0913,edfa_aging
1710000098000,S3,C1,18.4922,1.31597e-05,40.0805,179.874,-12.006,nominal
1710000099000,S1,C1,18.4898,1.32258e-05,39.8644,180.526,-12.0193,nominal
1710000099000,S2,C1,18.4862,1.33272e-05,40.0792,180.047,-12.1436,edfa_aging
1710000099000,S3,C1,18.5141,1.25549e-05,39.9871,180.403,-12.0132,nominal
1710000100000,S1,C1,18.4633,1.39954e-05,39.6047,180.095,-12.1547,nominal
1710000100000,S2,C1,18.3907,1.63091e-05,39.949,180.397,-12.0478,edfa_aging
1710000100000,S3,C1,18.5777,1.09409e-05,40.0008,180.844,-12.0933,nominal
1710000101000,S1,C1,18.5194,1.24136e-05,39.9818,179.866,-12.104,nominal
1710000101000,S2,C1,18.4676,1.38667e-05,40.0186,180.388,-12.0901,edfa_aging
1710000101000,S3,C1,18.5343,1.2021e-05,40.0084,180.569,-12.1156,nominal
1710000102000,S1,C1,18.5154,1.252e-05,40.1738,179.908,-11.9571,nominal
1710000102000,S2,C1,18.5091,1.26906e-05,39.9957,179.893,-11.9783,edfa_aging
1710000102000,S3,C1,18.4251,1.51725e-05,39.7037,179.956,-11.8977,nominal
1710000103000,S1,C1,18.4954,1.307e-05,39.9273,180.22,-11.9549,nominal
1710000103000,S2,C1,18.4645,1.39576e-05,39.9613,180.144,-12.0584,edfa_aging
1710000103000,S3,C1,18.4865,1.33211e-05,40.2045,179.584,-11.9906,nominal
1710000104000,S1,C1,18.4889,1.32511e-05,39.7205,179.839,-12.078,nominal
1710000104000,S2,C1,18.4836,1.34025e-05,39.8203,180.4,-12.015,edfa_aging
1710000104000,S3,C1,18.4553,1.42339e-05,39.8843,180,-11.9694,nominal
1710000105000,S1,C1,18.4358,1.48357e-05,40.0374,180.126,-11.9765,nominal
1710000105000,S2,C1,18.4927,1.31454e-05,39.9668,180.577,-11.9482,edfa_aging
1710000105000,S3,C1,18.454,1.42723e-05,40.0738,180.452,-12.0522,nominal
1710000106000,S1,C1,18.4757,1.36304e-05,40.0093,179.985,-11.9813,nominal
1710000106000,S2,C1,18.5024,1.28736e-05,39.7446,179.694,-11.9945,edfa_aging
1710000106000,S3,C1,18.6012,1.0392e-05,40.1025,180.248,-12.003,nominal
1710000107000,S1,C1,18.5603,1.13619e-05,40.1475,180.546,-11.9168,nominal
1710000107000,S2,C1,18.551,1.15932e-05,40.2097,180.132,-12.0531,edfa_aging
1710000107000,S3,C1,18.4469,1.44916e-05,39.9358,179.521,-11.9659,nominal
1710000108000,S1,C1,18.4905,1.32071e-05,40.134,180.467,-12.0558,nominal
1710000108000,S2,C1,18.4988,1.29751e-05,39.8327,179.575,-12.0427,edfa_aging
1710000108000,S3,C1,18.5118,1.26166e-05,39.8175,180.097,-12.0346,nominal
1710000109000,S1,C1,18.428,1.508e-05,39.9569,179.429,-11.8816,nominal
1710000109000,S2,C1,18.487,1.33054e-05,39.8913,179.651,-12.0605,edfa_aging
1710000109000,S3,C1,18.4642,1.39667e-05,40.106,180.293,-12.0778,nominal
1710000110000,S1,C1,18.5667,1.12051e-05,40.0574,179.936,-12.0216,nominal
1710000110000,S2,C1,18.5269,1.22129e-05,39.8817,179.975,-11.9958,edfa_aging
1710000110000,S3,C1,18.543,1.17953e-05,39.8775,179.678,-11.9623,nominal
1710000111000,S1,C1,18.5265,1.2224e-05,39.7276,180.287,-11.8827,nominal
1710000111000,S2,C1,18.6038,1.03332e-05,40.1093,179.92,-11.9919,edfa_aging
1710000111000,S3,C1,18.5177,1.24585e-05,40.0076,180.401,-11.9586,nominal
1710000112000,S1,C1,18.6054,1.02976e-05,40.1645,179.819,-11.9238,nominal
1710000112000,S2,C1,18.4829,1.34236e-05,39.9708,179.566,-11.8917,edfa_aging
1710000112000,S3,C1,18.5064,1.2765e-05,40.0878,180.633,-12.1102,nominal
1710000113000,S1,C1,18.5031,1.28542e-05,40.0253,180.327,-12.0777,nominal
1710000113000,S2,C1,18.5256,1.22469e-05,40.2162,179.639,-11.9383,edfa_aging
1710000113000,S3,C1,18.4962,1.30465e-05,39.9482,180.414,-12.0871,nominal
1710000114000,S1,C1,18.4769,1.35945e-05,40.1602,180.136,-12.022,nominal
1710000114000,S2,C1,18.4211,1.53003e-05,39.9315,179.967,-11.9679,edfa_aging
1710000114000,S3,C1,18.5569,1.1447e-05,39.7631,179.709,-11.9094,nominal
1710000115000,S1,C1,18.4276,1.50927e-05,40.1569,180.239,-11.9746,nominal
1710000115000,S2,C1,18.5673,1.11916e-05,40.0228,179.421,-12.0466,edfa_aging
1710000115000,S3,C1,18.4534,1.42914e-05,39.9175,179.939,-12.083,nominal
1710000116000,S1,C1,18.5662,1.1218e-05,39.9543,179.975,-11.9164,nominal
1710000116000,S2,C1,18.533,1.2055e-05,39.9904,180.059,-11.97,edfa_aging
1710000116000,S3,C1,18.4637,1.39842e-05,40.0927,180.021,-12.0849,nominal
1710000117000,S1,C1,18.6285,9.78835e-06,39.975,180.123,-12.1074,nominal
1710000117000,S2,C1,18.5666,1.12071e-05,39.9491,179.516,-12.0812,edfa_aging
1710000117000,S3,C1,18.4442,1.45741e-05,39.8969,179.91,-12.0826,nominal
1710000118000,S1,C1,18.459,1.41245e-05,39.8662,180.212,-12.037,nominal
1710000118000,S2,C1,18.497,1.30226e-05,40.1679,180.558,-12.1514,edfa_aging
1710000118000,S3,C1,18.5667,1.12049e-05,40.1484,180.393,-11.9951,nominal
1710000119000,S1,C1,18.4676,1.38659e-05,39.6875,179.408,-11.9477,nominal
1710000119000,S2,C1,18.4479,1.44607e-05,40.1848,180.062,-11.9598,edfa_aging
1710000119000,S3,C1,18.4853,1.33533e-05,39.7884,180.084,-12.0227,nominal
1710000120000,S1,C1,18.5298,1.21374e-05,39.9777,179.632,-11.9592,nominal
1710000120000,S2,C1,18.5443,1.17633e-05,40.1973,180.289,-11.9319,edfa_aging
1710000120000,S3,C1,18.4481,1.44524e-05,39.873,180.05,-11.9469,nominal
1710000121000,S1,C1,18.4585,1.41386e-05,40.0205,179.591,-12.0809,nominal
1710000121000,S2,C1,18.5377,1.1933e-05,39.7923,179.843,-12.2581,edfa_aging
1710000121000,S3,C1,18.479,1.35333e-05,39.7544,180.178,-12.102,nominal
1710000122000,S1,C1,18.4865,1.33205e-05,39.8346,180.679,-12.0687,nominal
1710000122000,S2,C1,18.4566,1.41937e-05,40.0523,180.434,-11.9218,edfa_aging
1710000122000,S3,C1,18.625,9.86396e-06,39.8731,179.872,-12.0638,nominal
1710000123000,S1,C1,18.4825,1.34337e-05,40.1042,180.123,-11.9631,nominal
1710000123000,S2,C1,18.4264,1.5133e-05,39.8312,180.196,-12.1358,edfa_aging
1710000123000,S3,C1,18.4946,1.30903e-05,40.2405,179.515,-12.0102,nominal
1710000124000,S1,C1,18.5096,1.26769e-05,40.0122,180.151,-12.0788,nominal
1710000124000,S2,C1,18.5225,1.23312e-05,39.8269,180.29,-12.087,edfa_aging
1710000124000,S3,C1,18.5425,1.18093e-05,40.0987,180.094,-12.0156,nominal
1710000125000,S1,C1,18.5547,1.15004e-05,40.0655,180.071,-11.9788,nominal
1710000125000,S2,C1,18.4914,1.31801e-05,39.729,180.035,-11.9669,edfa_aging
1710000125000,S3,C1,18.5233,1.23099e-05,39.9729,179.914,-12.0914,nominal
1710000126000,S1,C1,18.5011,1.291e-05,39.882,179.792,-11.9244,nominal
1710000126000,S2,C1,18.6306,9.74244e-06,39.858,180.242,-12.0218,edfa_aging
1710000126000,S3,C1,18.4994,1.29577e-05,39.9188,180.312,-12.0413,nominal
1710000127000,S1,C1,18.5459,1.17216e-05,39.7328,179.701,-11.996,nominal
1710000127000,S2,C1,18.4693,1.38176e-05,40.0896,179.951,-12.0103,edfa_aging
1710000127000,S3,C1,18.4654,1.39334e-05,40.1827,180.138,-12.0767,nominal
1710000128000,S1,C1,18.479,1.35345e-05,40.1141,180.343,-12.2108,nominal
1710000128000,S2,C1,18.4736,1.36921e-05,40.209,180.237,-12.0924,edfa_aging
1710000128000,S3,C1,18.4833,1.34115e-05,39.9927,179.942,-12.0299,nominal
1710000129000,S1,C1,18.5164,1.24932e-05,40.0891,179.851,-11.9039,nominal
1710000129000,S2,C1,18.4945,1.30949e-05,40.2605,179.871,-11.9046,edfa_aging
1710000129000,S3,C1,18.4823,1.34403e-05,39.8625,180.477,-12.107,nominal
1710000130000,S1,C1,18.3931,1.62281e-05,39.981,180.637,-11.9057,nominal
1710000130000,S2,C1,18.4167,1.54422e-05,39.8637,179.866,-12.0167,edfa_aging
1710000130000,S3,C1,18.3895,1.63491e-05,40.2412,180.039,-11.9254,nominal
1710000131000,S1,C1,18.4275,1.50964e-05,39.9343,180.08,-11.8845,nominal
1710000131000,S2,C1,18.4555,1.4227e-05,39.9063,180.055,-12.0223,edfa_aging
1710000131000,S3,C1,18.6295,9.76613e-06,39.8135,179.537,-12.03,nominal
1710000132000,S1,C1,18.5398,1.18785e-05,39.9559,180.038,-11.9289,nominal
1710000132000,S2,C1,18.5822,1.08332e-05,40.0351,180.035,-11.8709,edfa_aging
1710000132000,S3,C1,18.5462,1.17141e-05,40.0376,180.662,-12.0403,nominal
1710000133000,S1,C1,18.4705,1.37822e-05,39.9769,179.913,-12.1313,nominal
1710000133000,S2,C1,18.4934,1.31238e-05,40.022,179.971,-12.0018,edfa_aging
1710000133000,S3,C1,18.5058,1.27802e-05,40.105,180.505,-12.2249,nominal
1710000134000,S1,C1,18.529,1.21587e-05,39.9211,179.972,-11.8845,nominal
1710000134000,S2,C1,18.4696,1.3809e-05,40.0325,179.682,-11.9545,edfa_aging
1710000134000,S3,C1,18.4898,1.32252e-05,40.1527,180.035,-12.0695,nominal
1710000135000,S1,C1,18.5271,1.22081e-05,39.6958,180.016,-11.9698,nominal
1710000135000,S2,C1,18.4364,1.48153e-05,39.7366,179.887,-11.9367,edfa_aging
1710000135000,S3,C1,18.4605,1.40776e-05,40.3028,179.42,-11.9813,nominal
1710000136000,S1,C1,18.5661,1.12199e-05,40.1151,180.614,-11.9225,nominal
1710000136000,S2,C1,18.529,1.2158e-05,39.9712,180.371,-12.0001,edfa_aging
1710000136000,S3,C1,18.5475,1.16827e-05,40.1335,179.646,-11.938,nominal
1710000137000,S1,C1,18.5406,1.18581e-05,39.7732,180.942,-12.0099,nominal
1710000137000,S2,C1,18.5329,1.20564e-05,40.0872,180.047,-12.1063,edfa_aging
1710000137000,S3,C1,18.4907,1.32019e-05,39.9041,180.429,-12.1057,nominal
1710000138000,S1,C1,18.5508,1.15978e-05,39.9475,179.538,-12.0167,nominal
1710000138000,S2,C1,18.5128,1.25894e-05,40.0394,180.129,-11.9526,edfa_aging
1710000138000,S3,C1,18.524,1.22913e-05,40.1794,180.011,-11.8638,nominal
1710000139000,S1,C1,18.4944,1.30962e-05,39.9515,180.105,-12.0161,nominal
1710000139000,S2,C1,18.4805,1.34903e-05,39.9817,179.788,-12.0532,edfa_aging
1710000139000,S3,C1,18.4306,1.49972e-05,40.0525,179.903,-11.8278,nominal
1710000140000,S1,C1,18.4651,1.39416e-05,40.0367,180.287,-11.8701,nominal
1710000140000,S2,C1,18.5153,1.25232e-05,39.8907,180.553,-11.8935,edfa_aging
1710000140000,S3,C1,18.5189,1.24253e-05,39.8248,180.222,-12.07,nominal
1710000141000,S1,C1,18.4634,1.3991e-05,39.7555,179.639,-11.9754,nominal
1710000141000,S2,C1,18.5191,1.24212e-05,39.9856,179.912,-11.9087,edfa_aging
1710000141000,S3,C1,18.6,1.04199e-05,39.8457,179.812,-11.9177,nominal
1710000142000,S1,C1,18.4756,1.36332e-05,40.1786,179.748,-12.0134,nominal
1710000142000,S2,C1,18.466,1.39159e-05,40.2397,180.215,-12.2464,edfa_aging
1710000142000,S3,C1,18.4855,1.33477e-05,39.8852,179.841,-12.0843,nominal
1710000143000,S1,C1,18.4435,1.45945e-05,40.096,179.819,-12.0993,nominal
1710000143000,S2,C1,18.5311,1.21032e-05,40.075,179.987,-11.8357,edfa_aging
1710000143000,S3,C1,18.54,1.18733e-05,39.6833,180.522,-11.9755,nominal
1710000144000,S1,C1,18.4726,1.37197e-05,40.1132,179.035,-11.9598,nominal
1710000144000,S2,C1,18.3942,1.61893e-05,40.1576,180.477,-12.1016,edfa_aging
1710000144000,S3,C1,18.5018,1.28917e-05,40.07,180.249,-11.9753,nominal
1710000145000,S1,C1,18.4954,1.30694e-05,40.1879,180.264,-11.9963,nominal
1710000145000,S2,C1,18.4355,1.48422e-05,40.2487,179.363,-11.9784,edfa_aging
1710000145000,S3,C1,18.5553,1.14874e-05,40.0892,180.347,-11.9251,nominal
1710000146000,S1,C1,18.5126,1.2596e-05,39.8782,179.984,-11.9848,nominal
1710000146000,S2,C1,18.4848,1.3368e-05,39.8361,179.164,-11.9652,edfa_aging
1710000146000,S3,C1,18.5534,1.15346e-05,40.078,180.28,-11.9766,nominal
1710000147000,S1,C1,18.4831,1.3418e-05,39.5277,179.965,-11.9185,nominal
1710000147000,S2,C1,18.4946,1.30917e-05,40.0998,179.852,-12.0039,edfa_aging
1710000147000,S3,C1,18.5031,1.28553e-05,39.8812,180.461,-12.0245,nominal
1710000148000,S1,C1,18.4038,1.58674e-05,40.048,180.036,-11.9395,nominal
1710000148000,S2,C1,18.4418,1.46478e-05,40.0684,178.982,-11.9699,edfa_aging
1710000148000,S3,C1,18.472,1.37374e-05,39.9964,180.376,-11.9922,nominal
1710000149000,S1,C1,18.4964,1.30411e-05,40.1951,180.103,-11.9969,nominal
1710000149000,S2,C1,18.5164,1.2492e-05,40.1979,179.668,-11.8905,edfa_aging
1710000149000,S3,C1,18.5143,1.25485e-05,40.1824,179.731,-11.9472,nominal
1710000150000,S1,C1,18.5113,1.26315e-05,40.1727,180.933,-11.98,nominal
1710000150000,S2,C1,18.5528,1.15494e-05,39.9624,179.691,-11.9721,edfa_aging
1710000150000,S3,C1,18.5021,1.28828e-05,40.0606,179.97,-12.0394,nominal
1710000151000,S1,C1,18.5542,1.15133e-05,39.9182,180.076,-11.99,nominal
1710000151000,S2,C1,18.5226,1.23287e-05,39.9656,179.875,-12.0109,edfa_aging
1710000151000,S3,C1,18.4691,1.3823e-05,39.9823,180.7,-11.9445,nominal
1710000152000,S1,C1,18.5289,1.21614e-05,39.9849,180.339,-11.94,nominal
1710000152000,S2,C1,18.5112,1.26326e-05,39.8993,180.243,-11.9883,edfa_aging
1710000152000,S3,C1,18.5228,1.23215e-05,39.893,180.117,-12.0542,nominal
1710000153000,S1,C1,18.4678,1.38607e-05,40.0416,179.795,-11.9421,nominal
1710000153000,S2,C1,18.5414,1.18371e-05,40.0249,179.436,-12.0001,edfa_aging
1710000153000,S3,C1,18.5216,1.23536e-05,39.9972,180.734,-11.9801,nominal
1710000154000,S1,C1,18.4638,1.39795e-05,39.7277,180.145,-11.986,nominal
1710000154000,S2,C1,18.5202,1.23907e-05,39.955,180.19,-12.0086,edfa_aging
1710000154000,S3,C1,18.4555,1.42269e-05,40.1941,179.927,-11.9216,nominal
1710000155000,S1,C1,18.6005,1.04082e-05,39.8988,179.877,-12.0654,nominal
1710000155000,S2,C1,18.4429,1.46139e-05,39.9737,180.483,-12.0006,edfa_aging
1710000155000,S3,C1,18.4944,1.30959e-05,40.007,179.5,-12.0479,nominal
1710000156000,S1,C1,18.5378,1.1929e-05,39.9035,179.944,-11.9299,nominal
1710000156000,S2,C1,18.4899,1.32241e-05,40.0465,180.632,-12.0062,edfa_aging
1710000156000,S3,C1,18.6461,9.41563e-06,40.346,180.084,-11.9734,nominal
1710000157000,S1,C1,18.5916,1.06142e-05,40.2366,179.641,-11.9254,nominal
1710000157000,S2,C1,18.5646,1.12577e-05,39.9393,179.536,-11.9194,edfa_aging
1710000157000,S3,C1,18.5408,1.18517e-05,40.3655,179.85,-12.2081,nominal
1710000158000,S1,C1,18.6065,1.02735e-05,39.9014,179.676,-12.0825,nominal
1710000158000,S2,C1,18.4431,1.46063e-05,39.8568,179.842,-12.0446,edfa_aging
1710000158000,S3,C1,18.5049,1.28056e-05,40.1102,179.776,-12.0441,nominal
1710000159000,S1,C1,18.4591,1.41202e-05,40.2349,180.187,-11.9663,nominal
1710000159000,S2,C1,18.5031,1.28545e-05,39.9344,180.76,-12.0779,edfa_aging
1710000159000,S3,C1,18.6256,9.85155e-06,39.7599,179.753,-11.8313,nominal
1710000160000,S1,C1,18.5193,1.24163e-05,40.0014,180.304,-12.0281,nominal
1710000160000,S2,C1,18.4805,1.34901e-05,39.9133,179.589,-11.8853,edfa_aging
1710000160000,S3,C1,18.4772,1.35858e-05,39.9647,179.246,-12.0817,nominal
1710000161000,S1,C1,18.5229,1.23192e-05,39.7479,180.189,-12.1716,nominal
1710000161000,S2,C1,18.4551,1.42405e-05,40.0595,180.451,-12.0081,edfa_aging
1710000161000,S3,C1,18.3762,1.68122e-05,40.1938,180.261,-12.0881,nominal
1710000162000,S1,C1,18.528,1.21854e-05,40.3322,179.735,-12.001,nominal
1710000162000,S2,C1,18.4494,1.44129e-05,40.1823,180.145,-11.8831,edfa_aging
1710000162000,S3,C1,18.4047,1.58396e-05,39.9195,179.988,-11.9339,nominal
1710000163000,S1,C1,18.5271,1.22086e-05,39.8538,180.132,-11.9217,nominal
1710000163000,S2,C1,18.5051,1.28012e-05,39.944,180.222,-11.9763,edfa_aging
1710000163000,S3,C1,18.424,1.52074e-05,39.8999,179.681,-12.0357,nominal
1710000164000,S1,C1,18.5101,1.26632e-05,40.0925,178.987,-12.0558,nominal
1710000164000,S2,C1,18.5158,1.251e-05,39.6278,179.325,-12.0558,edfa_aging
1710000164000,S3,C1,18.513,1.25845e-05,40.0063,179.405,-12.0573,nominal
1710000165000,S1,C1,18.5087,1.27012e-05,40.2558,180.384,-12.0539,nominal
1710000165000,S2,C1,18.5155,1.25185e-05,40.0826,179.425,-11.9515,edfa_aging
1710000165000,S3,C1,18.5488,1.16489e-05,40.404,180.305,-12.0446,nominal
1710000166000,S1,C1,18.4249,1.51802e-05,39.9197,179.99,-11.9163,nominal
1710000166000,S2,C1,18.4277,1.50901e-05,39.9855,179.64,-11.8326,edfa_aging
1710000166000,S3,C1,18.3915,1.62824e-05,39.9319,180.054,-11.925,nominal
1710000167000,S1,C1,18.4917,1.31717e-05,39.8154,180.114,-12.0856,nominal
1710000167000,S2,C1,18.4856,1.33464e-05,39.8534,180.246,-12.0474,edfa_aging
1710000167000,S3,C1,18.5559,1.14724e-05,39.7112,180.311,-12.0334,nominal
1710000168000,S1,C1,18.4626,1.40149e-05,40.1561,180.473,-12.0729,nominal
1710000168000,S2,C1,18.5173,1.24692e-05,39.957,180.322,-12.0119,edfa_aging
1710000168000,S3,C1,18.4386,1.47464e-05,40.0454,180.193,-12.1499,nominal
1710000169000,S1,C1,18.5063,1.27668e-05,40.0098,179.837,-12.0233,nominal
1710000169000,S2,C1,18.5473,1.16863e-05,40.2732,179.677,-12.1084,edfa_aging
1710000169000,S3,C1,18.5128,1.25894e-05,40.062,180.341,-11.9047,nominal
1710000170000,S1,C1,18.4766,1.36034e-05,39.8159,180.391,-11.9483,nominal
1710000170000,S2,C1,18.5336,1.20379e-05,39.7705,180.116,-11.9628,edfa_aging
1710000170000,S3,C1,18.5232,1.23116e-05,40.1136,180.03,-11.9029,nominal
1710000171000,S1,C1,18.5309,1.21082e-05,39.8378,179.83,-11.9479,nominal
1710000171000,S2,C1,18.5416,1.18328e-05,39.8198,180.053,-11.9953,edfa_aging
1710000171000,S3,C1,18.5216,1.23536e-05,40.0134,179.466,-11.951,nominal
1710000172000,S1,C1,18.541,1.18488e-05,39.9416,180.225,-12.0401,nominal
1710000172000,S2,C1,18.5549,1.14975e-05,39.9848,179.607,-11.8086,edfa_aging
1710000172000,S3,C1,18.5004,1.29301e-05,40.0538,180.107,-12.016,nominal
1710000173000,S1,C1,18.5154,1.25189e-05,40.1446,179.844,-12.0227,nominal
1710000173000,S2,C1,18.5412,1.18426e-05,39.5265,179.551,-12.1634,edfa_aging
1710000173000,S3,C1,18.5085,1.27055e-05,39.932,180.394,-12.0982,nominal
1710000174000,S1,C1,18.5158,1.25089e-05,39.9569,180.129,-11.9909,nominal
1710000174000,S2,C1,18.4592,1.41159e-05,39.9247,179.206,-11.9436,edfa_aging
1710000174000,S3,C1,18.443,1.46099e-05,40.1459,179.482,-11.8526,nominal
1710000175000,S1,C1,18.5046,1.28123e-05,40.0982,180.59,-12.0291,nominal
1710000175000,S2,C1,18.5029,1.28603e-05,40.1399,179.523,-11.9766,edfa_aging
1710000175000,S3,C1,18.5139,1.256e-05,39.9982,179.863,-12.1749,nominal
1710000176000,S1,C1,18.4776,1.35748e-05,40.2479,179.747,-12.067,nominal
1710000176000,S2,C1,18.4643,1.39637e-05,40.075,179.648,-11.9369,edfa_aging
1710000176000,S3,C1,18.549,1.16448e-05,40.0793,180.609,-11.905,nominal
1710000177000,S1,C1,18.4918,1.31704e-05,40.1904,179.763,-12.0853,nominal
1710000177000,S2,C1,18.3809,1.66458e-05,40.0497,180.469,-12.004,edfa_aging
1710000177000,S3,C1,18.5463,1.17123e-05,39.8912,179.551,-11.9191,nominal
1710000178000,S1,C1,18.4752,1.36442e-05,40.2156,179.877,-11.9413,nominal
1710000178000,S2,C1,18.416,1.54679e-05,39.943,180.311,-11.9656,edfa_aging
1710000178000,S3,C1,18.6306,9.7417e-06,40.2102,180.568,-11.9449,nominal
1710000179000,S1,C1,18.5194,1.24126e-05,40.1848,180.13,-12.0157,nominal
1710000179000,S2,C1,18.6044,1.03192e-05,39.9694,179.891,-12.03,edfa_aging
1710000179000,S3,C1,18.5542,1.15148e-05,40.0384,179.667,-11.9598,nominal
1710000180000,S1,C1,18.5007,1.2921e-05,39.7587,181.112,-11.7698,nominal
1710000180000,S2,C1,18.4441,1.45752e-05,40.405,180.096,-12.0176,edfa_aging
1710000180000,S3,C1,18.5363,1.1968e-05,39.9374,179.388,-11.9226,nominal
1710000181000,S1,C1,18.5291,1.21569e-05,40.1834,179.777,-11.9484,nominal
1710000181000,S2,C1,18.3879,1.64053e-05,40.0288,179.625,-11.917,edfa_aging
1710000181000,S3,C1,18.5832,1.08106e-05,40.0084,179.826,-11.9952,nominal
1710000182000,S1,C1,18.4336,1.49044e-05,40.0493,179.191,-12.0581,nominal
1710000182000,S2,C1,18.4708,1.37744e-05,40.1959,179.021,-12.1849,edfa_aging
1710000182000,S3,C1,18.5121,1.26101e-05,39.8366,179.784,-11.9236,nominal
1710000183000,S1,C1,18.5444,1.17611e-05,39.9813,179.748,-11.9981,nominal
1710000183000,S2,C1,18.576,1.09807e-05,39.8054,180.062,-11.8961,edfa_aging
1710000183000,S3,C1,18.4355,1.48435e-05,39.9113,180.393,-11.9398,nominal
1710000184000,S1,C1,18.4619,1.40374e-05,39.8373,179.375,-11.971,nominal
1710000184000,S2,C1,18.4978,1.3003e-05,40.0308,180.19,-12.0422,edfa_aging
1710000184000,S3,C1,18.388,1.64015e-05,40.1251,179.194,-11.9909,nominal
1710000185000,S1,C1,18.4633,1.39951e-05,39.7616,179.786,-11.9664,nominal
1710000185000,S2,C1,18.5204,1.23858e-05,40.0482,179.644,-11.9902,edfa_aging
1710000185000,S3,C1,18.5638,1.12758e-05,40.0922,179.643,-11.9886,nominal
1710000186000,S1,C1,18.4901,1.32169e-05,39.8333,180.018,-11.9626,nominal
1710000186000,S2,C1,18.4865,1.33202e-05,40.0169,180.444,-11.8903,edfa_aging
1710000186000,S3,C1,18.5284,1.21743e-05,40.1269,179.643,-11.9936,nominal
1710000187000,S1,C1,18.4718,1.3743e-05,39.9968,179.626,-11.9621,nominal
1710000187000,S2,C1,18.4958,1.30564e-05,39.6683,180.382,-11.8906,edfa_aging
1710000187000,S3,C1,18.5424,1.18127e-05,40.1077,179.584,-11.8808,nominal
1710000188000,S1,C1,18.5146,1.25426e-05,39.8237,179.738,-12.0092,nominal
1710000188000,S2,C1,18.5633,1.12879e-05,39.9306,180.286,-11.97,edfa_aging
1710000188000,S3,C1,18.4834,1.34094e-05,39.9597,180.039,-12.0823,nominal
1710000189000,S1,C1,18.4713,1.37588e-05,39.8775,179.262,-11.9464,nominal
1710000189000,S2,C1,18.5398,1.18784e-05,40.2124,179.198,-11.9913,edfa_aging
1710000189000,S3,C1,18.5172,1.24704e-05,40.0167,179.78,-12.0194,nominal
1710000190000,S1,C1,18.4465,1.45016e-05,39.9075,180.084,-11.8239,nominal
1710000190000,S2,C1,18.4957,1.30606e-05,40.0769,179.976,-12.1065,edfa_aging
1710000190000,S3,C1,18.5941,1.05552e-05,40.2845,179.99,-11.8888,nominal
1710000191000,S1,C1,18.4577,1.41618e-05,40.1,179.711,-12.0334,nominal
1710000191000,S2,C1,18.5446,1.17563e-05,39.8767,180.212,-11.9881,edfa_aging
1710000191000,S3,C1,18.5167,1.24838e-05,39.9849,179.889,-12.0634,nominal
1710000192000,S1,C1,18.5656,1.12325e-05,39.9557,180.447,-12.0286,nominal
1710000192000,S2,C1,18.5537,1.15258e-05,40.1253,179.607,-12.0131,edfa_aging
1710000192000,S3,C1,18.4442,1.45724e-05,39.7708,180.414,-11.9735,nominal
1710000193000,S1,C1,18.5022,1.28793e-05,39.9781,180.434,-11.9417,nominal
1710000193000,S2,C1,18.489,1.32476e-05,39.7124,179.749,-12.0339,edfa_aging
1710000193000,S3,C1,18.4784,1.35512e-05,39.9982,179.732,-12.0021,nominal
1710000194000,S1,C1,18.4416,1.46528e-05,40.1989,179.663,-11.8989,nominal
1710000194000,S2,C1,18.5135,1.25711e-05,40.0814,180.303,-12.0812,edfa_aging
1710000194000,S3,C1,18.5693,1.11435e-05,39.9374,179.998,-12.126,nominal
1710000195000,S1,C1,18.5004,1.29289e-05,39.9518,179.864,-11.9331,nominal
1710000195000,S2,C1,18.5127,1.25926e-05,40.0458,180.79,-12,edfa_aging
1710000195000,S3,C1,18.4455,1.45331e-05,39.9835,180.321,-11.9877,nominal
1710000196000,S1,C1,18.4222,1.52659e-05,40.0899,180.034,-11.9012,nominal
1710000196000,S2,C1,18.4666,1.38973e-05,39.9017,180.292,-11.9559,edfa_aging
1710000196000,S3,C1,18.3709,1.69964e-05,40.0015,180.19,-11.9299,nominal
1710000197000,S1,C1,18.5895,1.06629e-05,39.8414,180.317,-12.0022,nominal
1710000197000,S2,C1,18.5575,1.14307e-05,39.8407,180.062,-12.0486,edfa_aging
1710000197000,S3,C1,18.3853,1.64944e-05,39.8439,179.994,-12.0159,nominal
1710000198000,S1,C1,18.4238,1.52154e-05,40.0494,179.342,-12.0166,nominal
1710000198000,S2,C1,18.4916,1.3174e-05,39.7442,179.763,-12.1278,edfa_aging
1710000198000,S3,C1,18.4331,1.49206e-05,40.061,180.315,-11.9224,nominal
1710000199000,S1,C1,18.5239,1.2292e-05,40.0179,179.985,-11.9461,nominal
1710000199000,S2,C1,18.469,1.38253e-05,39.9603,179.531,-11.9587,edfa_aging
1710000199000,S3,C1,18.54,1.18741e-05,39.9725,180.162,-11.9587,nominal
1710000200000,S1,C1,18.5272,1.22064e-05,40.0263,180.761,-11.9445,nominal
1710000200000,S2,C1,18.4162,1.54597e-05,40.2535,179.625,-12.0841,edfa_aging
1710000200000,S3,C1,18.5044,1.28184e-05,40.0854,180.174,-11.9728,nominal
1710000201000,S1,C1,18.4275,1.50964e-05,39.93,179.978,-11.865,nominal
1710000201000,S2,C1,18.4367,1.48052e-05,40.1231,180.122,-12.0551,edfa_aging
1710000201000,S3,C1,18.4621,1.40293e-05,39.8921,180.032,-12.1314,nominal
1710000202000,S1,C1,18.515,1.25303e-05,39.8454,180.103,-11.874,nominal
1710000202000,S2,C1,18.5763,1.09746e-05,40.0551,179.774,-12.0318,edfa_aging
1710000202000,S3,C1,18.4357,1.48361e-05,39.8478,180.393,-11.9542,nominal
1710000203000,S1,C1,18.5499,1.16227e-05,39.9551,180.015,-12.1438,nominal
1710000203000,S2,C1,18.443,1.46103e-05,40.1323,180.514,-12.044,edfa_aging
1710000203000,S3,C1,18.4943,1.30994e-05,39.931,180.43,-11.9738,nominal
1710000204000,S1,C1,18.5234,1.23068e-05,39.9298,179.537,-11.9363,nominal
1710000204000,S2,C1,18.5215,1.23572e-05,39.9047,179.436,-12.0929,edfa_aging
1710000204000,S3,C1,18.492,1.31635e-05,40.2429,179.782,-11.9421,nominal
1710000205000,S1,C1,18.5131,1.25832e-05,40.155,180.396,-12.0517,nominal
1710000205000,S2,C1,18.4816,1.34586e-05,40.0726,179.512,-12.0721,edfa_aging
1710000205000,S3,C1,18.4718,1.37438e-05,39.7241,180.237,-11.949,nominal
1710000206000,S1,C1,18.5475,1.16834e-05,40.1362,180.123,-12.1664,nominal
1710000206000,S2,C1,18.5256,1.22489e-05,39.556,179.957,-12.0134,edfa_aging
1710000206000,S3,C1,18.4877,1.32846e-05,40.1584,180.19,-12.0732,nominal
1710000207000,S1,C1,18.508,1.27192e-05,39.8197,180.081,-11.9672,nominal
1710000207000,S2,C1,18.5301,1.21294e-05,39.9195,180.068,-12.0487,edfa_aging
1710000207000,S3,C1,18.4618,1.40381e-05,39.9865,180.292,-12.0452,nominal
1710000208000,S1,C1,18.5168,1.24817e-05,40.0941,180.307,-12.0119,nominal
1710000208000,S2,C1,18.4612,1.40577e-05,39.9206,180.029,-11.9975,edfa_aging
1710000208000,S3,C1,18.5902,1.0647e-05,40.1662,179.744,-12.0999,nominal
1710000209000,S1,C1,18.4937,1.31173e-05,39.928,180.332,-12.0263,nominal
1710000209000,S2,C1,18.4854,1.33509e-05,39.9823,179.549,-11.9445,edfa_aging
1710000209000,S3,C1,18.3817,1.66206e-05,39.9348,179.559,-11.9792,nominal
1710000210000,S1,C1,18.5316,1.20909e-05,40.0688,179.256,-12.1009,nominal
1710000210000,S2,C1,18.505,1.28035e-05,39.9664,179.691,-11.9186,edfa_aging
1710000210000,S3,C1,18.5061,1.27722e-05,40.0512,179.95,-12.0634,nominal
1710000211000,S1,C1,18.4529,1.43061e-05,39.9278,180.21,-12.0796,nominal
1710000211000,S2,C1,18.5057,1.27826e-05,40.0803,180.371,-12.0908,edfa_aging
1710000211000,S3,C1,18.4493,1.44172e-05,40.0476,180.462,-11.893,nominal
1710000212000,S1,C1,18.5396,1.18839e-05,39.7792,179.783,-12.0158,nominal
1710000212000,S2,C1,18.4986,1.29801e-05,39.8984,179.842,-12.0604,edfa_aging
1710000212000,S3,C1,18.5353,1.19938e-05,40.3109,179.637,-11.925,nominal
1710000213000,S1,C1,18.4747,1.36582e-05,40.1524,180.081,-12.118,nominal
1710000213000,S2,C1,18.4843,1.33814e-05,40.1302,179.801,-12.0349,edfa_aging
1710000213000,S3,C1,18.4882,1.32702e-05,39.974,180.421,-12.0977,nominal
1710000214000,S1,C1,18.4455,1.45341e-05,40.0678,179.731,-12.0075,nominal
1710000214000,S2,C1,18.5315,1.2094e-05,39.9541,180.254,-12.032,edfa_aging
1710000214000,S3,C1,18.5183,1.2442e-05,40.0278,180.047,-11.9533,nominal
1710000215000,S1,C1,18.5183,1.2443e-05,39.8161,179.67,-11.9899,nominal
1710000215000,S2,C1,18.5659,1.12262e-05,40.1222,180.162,-11.9826,edfa_aging
1710000215000,S3,C1,18.5266,1.22222e-05,39.8776,180.108,-12.0475,nominal
1710000216000,S1,C1,18.5846,1.0776e-05,39.7163,180.4,-12.0112,nominal
1710000216000,S2,C1,18.527,1.22105e-05,40.0085,180.005,-12.0076,edfa_aging
1710000216000,S3,C1,18.5103,1.26587e-05,40.0368,180.114,-12.1634,nominal
1710000217000,S1,C1,18.5481,1.16675e-05,39.9199,180.015,-11.9752,nominal
1710000217000,S2,C1,18.463,1.40038e-05,40.1184,180.679,-12.1544,edfa_aging
1710000217000,S3,C1,18.5496,1.16304e-05,39.8803,179.903,-11.9597,nominal
1710000218000,S1,C1,18.4742,1.36733e-05,39.8227,179.905,-12.0045,nominal
1710000218000,S2,C1,18.5198,1.2402e-05,40.06,179.457,-12.1378,edfa_aging
1710000218000,S3,C1,18.4304,1.50035e-05,39.9745,179.947,-12.108,nominal
1710000219000,S1,C1,18.5349,1.20047e-05,39.9454,179.904,-12.0918,nominal
1710000219000,S2,C1,18.5031,1.28561e-05,39.9001,180.155,-11.9926,edfa_aging
1710000219000,S3,C1,18.5476,1.16801e-05,40.0488,180.288,-12.0381,nominal
1710000220000,S1,C1,18.4773,1.35841e-05,40.093,180.052,-12.0816,nominal
1710000220000,S2,C1,18.5231,1.23147e-05,40.0182,179.761,-11.9248,edfa_aging
1710000220000,S3,C1,18.4891,1.32473e-05,40.0752,180.642,-11.9508,nominal
1710000221000,S1,C1,18.4938,1.31135e-05,40.2204,180.013,-11.9885,nominal
1710000221000,S2,C1,18.5922,1.05987e-05,39.7946,180.405,-11.9196,edfa_aging
1710000221000,S3,C1,18.519,1.24225e-05,39.8557,180.114,-11.9545,nominal
1710000222000,S1,C1,18.5045,1.2817e-05,39.9465,179.071,-11.9223,nominal
1710000222000,S2,C1,18.4893,1.32402e-05,39.9973,179.617,-11.9791,edfa_aging
1710000222000,S3,C1,18.5778,1.09375e-05,39.8588,180.212,-11.7844,nominal
1710000223000,S1,C1,18.3841,1.65345e-05,40.2066,179.671,-11.9873,nominal
1710000223000,S2,C1,18.4994,1.29565e-05,40.0467,180.267,-11.9826,edfa_aging
1710000223000,S3,C1,18.5562,1.14635e-05,40.1663,179.713,-11.9574,nominal
1710000224000,S1,C1,18.5096,1.26774e-05,40.1747,179.926,-12.0394,nominal
1710000224000,S2,C1,18.4557,1.42233e-05,39.9483,179.843,-12.117,edfa_aging
1710000224000,S3,C1,18.5992,1.04386e-05,39.9128,179.992,-12.0125,nominal
1710000225000,S1,C1,18.4485,1.44405e-05,39.9348,180.321,-11.9861,nominal
1710000225000,S2,C1,18.4856,1.33467e-05,39.9649,181.021,-12.1341,edfa_aging
1710000225000,S3,C1,18.3875,1.64199e-05,40.0187,180.459,-12.0696,nominal
1710000226000,S1,C1,18.4651,1.39403e-05,39.7499,180.568,-12.1437,nominal
1710000226000,S2,C1,18.4715,1.37514e-05,40.1368,180.097,-12.0195,edfa_aging
1710000226000,S3,C1,18.4522,1.43281e-05,39.9492,180.476,-12.1758,nominal
1710000227000,S1,C1,18.4263,1.51353e-05,40.128,179.648,-12.0788,nominal
1710000227000,S2,C1,18.58,1.0886e-05,40.1703,180.891,-11.7896,edfa_aging
1710000227000,S3,C1,18.5482,1.16643e-05,39.7559,179.934,-12.0452,nominal
1710000228000,S1,C1,18.4242,1.52027e-05,40.0916,180.8,-12.0297,nominal
1710000228000,S2,C1,18.5152,1.25253e-05,40.2024,179.734,-11.9276,edfa_aging
1710000228000,S3,C1,18.4435,1.45958e-05,39.9758,180.021,-12.012,nominal
1710000229000,S1,C1,18.4528,1.4309e-05,40.3532,180.062,-12.0047,nominal
1710000229000,S2,C1,18.4714,1.37555e-05,39.904,179.762,-12.0431,edfa_aging
1710000229000,S3,C1,18.4909,1.31959e-05,39.9735,179.871,-11.8531,nominal
1710000230000,S1,C1,18.5413,1.18405e-05,40.2148,180.221,-12.0256,nominal
1710000230000,S2,C1,18.5965,1.0501e-05,39.9257,180.148,-12.069,edfa_aging
1710000230000,S3,C1,18.5854,1.07584e-05,40.2565,179.704,-12.032,nominal
1710000231000,S1,C1,18.5833,1.08076e-05,40.1177,179.812,-12.0213,nominal
1710000231000,S2,C1,18.4336,1.49036e-05,40.1083,179.319,-12.0533,edfa_aging
1710000231000,S3,C1,18.5437,1.17778e-05,39.7073,180.238,-12.1339,nominal
1710000232000,S1,C1,18.4987,1.29755e-05,40.2536,179.784,-12.0944,nominal
1710000232000,S2,C1,18.5431,1.17949e-05,40.1232,179.628,-12.0666,edfa_aging
1710000232000,S3,C1,18.4519,1.43378e-05,39.9127,179.873,-11.9846,nominal
1710000233000,S1,C1,18.5546,1.15042e-05,39.8432,180.603,-12.0455,nominal
1710000233000,S2,C1,18.5508,1.15987e-05,39.7165,180.606,-11.9058,edfa_aging
1710000233000,S3,C1,18.5227,1.2325e-05,40.084,180.63,-11.9997,nominal
1710000234000,S1,C1,18.4868,1.33112e-05,40.0295,179.94,-11.98,nominal
1710000234000,S2,C1,18.5287,1.21665e-05,40.2861,180.448,-12.0956,edfa_aging
1710000234000,S3,C1,18.5323,1.20733e-05,39.9117,179.178,-11.9516,nominal
1710000235000,S1,C1,18.4044,1.58479e-05,39.9596,179.987,-12.1467,nominal
1710000235000,S2,C1,18.4869,1.33071e-05,40.1632,179.917,-11.9695,edfa_aging
1710000235000,S3,C1,18.5034,1.28475e-05,39.6695,179.322,-11.9968,nominal
1710000236000,S1,C1,18.5075,1.27342e-05,40.262,180.494,-12.0957,nominal
1710000236000,S2,C1,18.4935,1.3121e-05,39.8034,180.454,-12.0566,edfa_aging
1710000236000,S3,C1,18.495,1.30805e-05,40.0845,179.519,-12.0717,nominal
1710000237000,S1,C1,18.5223,1.23359e-05,40.0855,180.72,-12.0277,nominal
1710000237000,S2,C1,18.4828,1.34246e-05,40.1637,180.189,-11.9842,edfa_aging
1710000237000,S3,C1,18.5071,1.27457e-05,40.017,180.031,-12.1307,nominal
1710000238000,S1,C1,18.4786,1.35471e-05,39.5418,179.429,-11.8818,nominal
1710000238000,S2,C1,18.5393,1.18912e-05,39.9283,180.194,-11.9207,edfa_aging
1710000238000,S3,C1,18.425,1.5177e-05,39.865,179.941,-12.0365,nominal
1710000239000,S1,C1,18.5151,1.25276e-05,40.2064,179.955,-11.9461,nominal
1710000239000,S2,C1,18.3836,1.65548e-05,39.9729,179.621,-12.0015,edfa_aging
1710000239000,S3,C1,18.5063,1.27662e-05,39.8428,179.695,-12.0246,nominal
1710000240000,S1,C1,18.5286,1.21684e-05,39.865,180.027,-11.8753,nominal
1710000240000,S2,C1,18.4744,1.36669e-05,39.8442,180.393,-11.9972,edfa_aging
1710000240000,S3,C1,18.4517,1.43449e-05,39.8891,178.751,-11.9917,nominal
1710000241000,S1,C1,18.4568,1.41883e-05,40.1177,180.759,-11.893,nominal
1710000241000,S2,C1,18.5076,1.27315e-05,39.8691,179.777,-12.0698,edfa_aging
1710000241000,S3,C1,18.5197,1.24052e-05,40.0199,180.074,-11.8984,nominal
1710000242000,S1,C1,18.4262,1.51392e-05,39.9294,181.021,-12.0358,nominal
1710000242000,S2,C1,18.4709,1.3769e-05,39.9343,180.603,-12.0598,edfa_aging
1710000242000,S3,C1,18.5215,1.23577e-05,39.9645,179.361,-12.0298,nominal
1710000243000,S1,C1,18.4889,1.32505e-05,40.0381,180.013,-12.0056,nominal
1710000243000,S2,C1,18.4091,1.56917e-05,40.0058,179.591,-11.8748,edfa_aging
1710000243000,S3,C1,18.4554,1.42326e-05,39.8926,180.552,-12.0602,nominal
1710000244000,S1,C1,18.4894,1.32361e-05,40.0969,180.183,-12.0937,nominal
1710000244000,S2,C1,18.4879,1.32811e-05,39.8262,181.01,-12.0515,edfa_aging
1710000244000,S3,C1,18.5306,1.21159e-05,40.0418,180.056,-12.2274,nominal
1710000245000,S1,C1,18.4824,1.34378e-05,40.0308,180.381,-11.9063,nominal
1710000245000,S2,C1,18.4622,1.40262e-05,39.9825,179.739,-12.0159,edfa_aging
1710000245000,S3,C1,18.5178,1.24557e-05,40.1466,179.71,-11.9497,nominal
1710000246000,S1,C1,18.5494,1.16352e-05,39.8587,180.497,-11.9419,nominal
1710000246000,S2,C1,18.54,1.18729e-05,39.8865,179.459,-12.0964,edfa_aging
1710000246000,S3,C1,18.4979,1.2999e-05,39.9005,179.897,-12.1145,nominal
1710000247000,S1,C1,18.5863,1.07376e-05,40.2118,179.908,-11.9528,nominal
1710000247000,S2,C1,18.5699,1.11286e-05,39.9137,179.554,-11.9682,edfa_aging
1710000247000,S3,C1,18.5363,1.19688e-05,40.2235,180.633,-12.042,nominal
1710000248000,S1,C1,18.4792,1.35298e-05,40.0616,180.38,-11.9471,nominal
1710000248000,S2,C1,18.5035,1.28447e-05,39.8602,180.159,-12.0759,edfa_aging
1710000248000,S3,C1,18.4844,1.33807e-05,39.9946,179.863,-12.0856,nominal
1710000249000,S1,C1,18.5349,1.20037e-05,39.9996,179.757,-11.9632,nominal
1710000249000,S2,C1,18.4033,1.58848e-05,39.8991,180.12,-11.9829,edfa_aging
1710000249000,S3,C1,18.4858,1.33399e-05,40.0792,179.549,-12.0015,nominal
1710000250000,S1,C1,18.547,1.16937e-05,40.1081,178.965,-11.9833,nominal
1710000250000,S2,C1,18.4902,1.32151e-05,40.233,179.729,-12.0349,edfa_aging
1710000250000,S3,C1,18.5039,1.28331e-05,40.0522,178.983,-12.037,nominal
1710000251000,S1,C1,18.5357,1.19852e-05,39.9219,179.485,-11.978,nominal
1710000251000,S2,C1,18.4538,1.428e-05,39.7506,180.313,-12.0597,edfa_aging
1710000251000,S3,C1,18.497,1.30229e-05,40.0637,179.93,-12.0364,nominal
1710000252000,S1,C1,18.5524,1.15595e-05,40.2852,180.125,-11.9034,nominal
1710000252000,S2,C1,18.5341,1.20255e-05,39.7958,180.786,-11.9739,edfa_aging
1710000252000,S3,C1,18.5571,1.14415e-05,40.0242,179.694,-12.076,nominal
1710000253000,S1,C1,18.4805,1.34903e-05,40.0362,180.353,-12.0628,nominal
1710000253000,S2,C1,18.5846,1.07777e-05,39.9825,180.057,-11.9398,edfa_aging
1710000253000,S3,C1,18.3813,1.66328e-05,39.6517,180.449,-11.9498,nominal
1710000254000,S1,C1,18.537,1.19508e-05,40.0573,179.134,-12.0833,nominal
1710000254000,S2,C1,18.5159,1.25072e-05,39.918,180.317,-12.0925,edfa_aging
1710000254000,S3,C1,18.4845,1.33774e-05,39.8468,180.056,-12.1087,nominal
1710000255000,S1,C1,18.6012,1.03924e-05,40.0546,179.316,-11.9997,nominal
1710000255000,S2,C1,18.6018,1.03801e-05,39.8351,180.363,-11.9239,edfa_aging
1710000255000,S3,C1,18.3993,1.602e-05,40.1192,180.423,-12.0483,nominal
1710000256000,S1,C1,18.5402,1.18686e-05,39.8657,180.029,-11.9074,nominal
1710000256000,S2,C1,18.5757,1.09876e-05,40.0535,180.35,-11.9879,edfa_aging
1710000256000,S3,C1,18.4737,1.36887e-05,39.8321,179.828,-11.9108,nominal
1710000257000,S1,C1,18.469,1.38259e-05,39.8265,178.687,-11.9807,nominal
1710000257000,S2,C1,18.5348,1.20067e-05,39.817,179.315,-11.937,edfa_aging
1710000257000,S3,C1,18.5116,1.26222e-05,40.0041,179.662,-12.1004,nominal
1710000258000,S1,C1,18.5304,1.21223e-05,40.0353,180.267,-12.0162,nominal
1710000258000,S2,C1,18.457,1.41835e-05,39.9916,180.618,-11.9163,edfa_aging
1710000258000,S3,C1,18.4989,1.29713e-05,39.7549,180.374,-11.8344,nominal
1710000259000,S1,C1,18.5631,1.12931e-05,40.0556,180.458,-11.9334,nominal
1710000259000,S2,C1,18.5104,1.26539e-05,40.1348,179.998,-12.0434,edfa_aging
1710000259000,S3,C1,18.547,1.16957e-05,39.8953,179.934,-12.0386,nominal
1710000260000,S1,C1,18.5184,1.2438e-05,40.2047,178.849,-11.9909,nominal
1710000260000,S2,C1,18.433,1.4921e-05,40.0769,180.073,-12.0241,edfa_aging
1710000260000,S3,C1,18.5143,1.25487e-05,40.2156,179.709,-11.8955,nominal
1710000261000,S1,C1,18.4718,1.3743e-05,40.0705,180.353,-12.1513,nominal
1710000261000,S2,C1,18.5575,1.14306e-05,39.9489,180.504,-11.9825,edfa_aging
1710000261000,S3,C1,18.3612,1.73455e-05,40.0229,179.96,-11.8558,nominal
1710000262000,S1,C1,18.5772,1.09535e-05,39.8395,179.969,-12.0801,nominal
1710000262000,S2,C1,18.5119,1.26134e-05,39.9927,178.956,-11.916,edfa_aging
1710000262000,S3,C1,18.4421,1.46386e-05,39.8571,180.398,-12.0141,nominal
1710000263000,S1,C1,18.4375,1.47807e-05,40.0818,180.615,-12.1665,nominal
1710000263000,S2,C1,18.5749,1.10064e-05,40.0179,180.348,-12.1906,edfa_aging
1710000263000,S3,C1,18.5757,1.09887e-05,39.891,179.747,-11.9746,nominal
1710000264000,S1,C1,18.5252,1.22594e-05,40.127,180.161,-12.0174,nominal
1710000264000,S2,C1,18.521,1.23697e-05,40.0822,180.143,-11.8721,edfa_aging
1710000264000,S3,C1,18.5758,1.0986e-05,39.733,180.772,-11.8876,nominal
1710000265000,S1,C1,18.4992,1.2963e-05,40.1534,179.953,-12.0354,nominal
1710000265000,S2,C1,18.4098,1.56698e-05,39.849,180.695,-12.0219,edfa_aging
1710000265000,S3,C1,18.5026,1.28682e-05,40.0534,180.202,-11.9549,nominal
1710000266000,S1,C1,18.4403,1.46934e-05,40.053,180.097,-11.9647,nominal
1710000266000,S2,C1,18.5394,1.18891e-05,40.182,180.178,-12.1363,edfa_aging
1710000266000,S3,C1,18.4199,1.53398e-05,39.948,179.527,-11.7912,nominal
1710000267000,S1,C1,18.561,1.13459e-05,39.8197,180.427,-11.8314,nominal
1710000267000,S2,C1,18.5537,1.15258e-05,40.1048,180.572,-12.0178,edfa_aging
1710000267000,S3,C1,18.6059,1.02855e-05,40.0925,179.569,-11.9274,nominal
1710000268000,S1,C1,18.5174,1.24663e-05,40.1771,180.127,-12.0472,nominal
1710000268000,S2,C1,18.5905,1.064e-05,40.2714,180.465,-12.0845,edfa_aging
1710000268000,S3,C1,18.3923,1.62532e-05,40.1013,179.977,-12.0164,nominal
1710000269000,S1,C1,18.4417,1.46517e-05,39.8931,180.068,-11.9991,nominal
1710000269000,S2,C1,18.4587,1.41318e-05,40.1182,179.551,-11.8533,edfa_aging
1710000269000,S3,C1,18.5125,1.25978e-05,39.9385,179.864,-11.9055,nominal
1710000270000,S1,C1,18.5301,1.21302e-05,40.089,179.473,-12.0301,nominal
1710000270000,S2,C1,18.4612,1.40567e-05,40.1461,180.006,-12.0397,edfa_aging
1710000270000,S3,C1,18.4944,1.30965e-05,39.84,179.851,-11.9879,nominal
1710000271000,S1,C1,18.4784,1.35514e-05,39.7669,180.246,-12.2238,nominal
1710000271000,S2,C1,18.5106,1.26498e-05,39.5497,179.739,-12.0528,edfa_aging
1710000271000,S3,C1,18.5089,1.26958e-05,39.8018,179.945,-11.8445,nominal
1710000272000,S1,C1,18.4049,1.58327e-05,40.1176,180.065,-12.0603,nominal
1710000272000,S2,C1,18.4546,1.42564e-05,39.9257,180.002,-12.0345,edfa_aging
1710000272000,S3,C1,18.438,1.47666e-05,39.9211,180.105,-12.1172,nominal
1710000273000,S1,C1,18.4656,1.39277e-05,39.8851,180.791,-12.057,nominal
1710000273000,S2,C1,18.4384,1.47526e-05,40.2713,179.674,-12.0788,edfa_aging
1710000273000,S3,C1,18.4764,1.36102e-05,39.9832,179.901,-11.8602,nominal
1710000274000,S1,C1,18.5132,1.25798e-05,40.1652,180.049,-11.9777,nominal
1710000274000,S2,C1,18.4524,1.43231e-05,40.0497,179.419,-11.9929,edfa_aging
1710000274000,S3,C1,18.5501,1.16164e-05,40.1856,179.789,-11.8277,nominal
1710000275000,S1,C1,18.5318,1.20858e-05,40.2675,180.02,-12.0664,nominal
1710000275000,S2,C1,18.6365,9.61695e-06,39.9239,179.973,-11.9594,edfa_aging
1710000275000,S3,C1,18.4717,1.37474e-05,39.838,179.252,-11.8645,nominal
1710000276000,S1,C1,18.5083,1.27129e-05,40.1783,179.804,-12.1025,nominal
1710000276000,S2,C1,18.475,1.36497e-05,40.0963,179.894,-11.9945,edfa_aging
1710000276000,S3,C1,18.4269,1.51146e-05,40.0471,180.649,-11.9926,nominal
1710000277000,S1,C1,18.5023,1.28781e-05,39.8276,180.346,-11.9527,nominal
1710000277000,S2,C1,18.4554,1.42299e-05,40.0053,180.211,-12.0772,edfa_aging
1710000277000,S3,C1,18.4952,1.30754e-05,39.8238,180.05,-12.1689,nominal
1710000278000,S1,C1,18.5235,1.23036e-05,39.8611,179.974,-12.0048,nominal
1710000278000,S2,C1,18.4834,1.34079e-05,40.0522,180.686,-11.9355,edfa_aging
1710000278000,S3,C1,18.5003,1.29319e-05,39.8931,180.224,-12.0687,nominal
1710000279000,S1,C1,18.4895,1.3236e-05,39.8721,179.774,-12.0709,nominal
1710000279000,S2,C1,18.5056,1.27853e-05,39.8841,179.874,-12.0156,edfa_aging
1710000279000,S3,C1,18.489,1.32496e-05,40.0943,180.072,-11.9998,nominal
1710000280000,S1,C1,18.5588,1.13984e-05,40.1021,180.699,-12.0599,nominal
1710000280000,S2,C1,18.5699,1.11287e-05,40.0713,179.932,-12.0256,edfa_aging
1710000280000,S3,C1,18.4561,1.42093e-05,40.0558,180.506,-11.8801,nominal
1710000281000,S1,C1,18.5074,1.2736e-05,40.0545,180.771,-12.0235,nominal
1710000281000,S2,C1,18.5525,1.15563e-05,40.2199,180.509,-11.9212,edfa_aging
1710000281000,S3,C1,18.5228,1.23233e-05,39.8994,180.013,-11.983,nominal
1710000282000,S1,C1,18.5147,1.25388e-05,40.0264,179.875,-11.9343,nominal
1710000282000,S2,C1,18.5446,1.17556e-05,40.0284,180.41,-11.9928,edfa_aging
1710000282000,S3,C1,18.4893,1.32391e-05,39.8818,180.494,-12.0483,nominal
1710000283000,S1,C1,18.527,1.22101e-05,40.049,179.647,-11.8862,nominal
1710000283000,S2,C1,18.5074,1.2738e-05,40.0588,179.378,-12.2249,edfa_aging
1710000283000,S3,C1,18.4368,1.48044e-05,40.1428,179.779,-11.9719,nominal
1710000284000,S1,C1,18.4471,1.44827e-05,40.0895,180.51,-12.1037,nominal
1710000284000,S2,C1,18.513,1.25859e-05,39.8874,180.004,-11.9629,edfa_aging
1710000284000,S3,C1,18.5066,1.27578e-05,39.9515,179.909,-11.884,nominal
1710000285000,S1,C1,18.4645,1.39579e-05,40.1002,179.723,-11.9066,nominal
1710000285000,S2,C1,18.4732,1.37033e-05,40.0649,179.403,-12.1555,edfa_aging
1710000285000,S3,C1,18.4942,1.31035e-05,39.9326,180.214,-12.0317,nominal
1710000286000,S1,C1,18.5764,1.09708e-05,40.2559,181.191,-11.9951,nominal
1710000286000,S2,C1,18.4298,1.50238e-05,39.9309,179.659,-12.1008,edfa_aging
1710000286000,S3,C1,18.5029,1.28591e-05,39.821,180.236,-11.9911,nominal
1710000287000,S1,C1,18.5168,1.24832e-05,39.994,180.004,-11.9707,nominal
1710000287000,S2,C1,18.607,1.02623e-05,39.7883,179.798,-12.0359,edfa_aging
1710000287000,S3,C1,18.4103,1.56516e-05,40.3519,180.475,-11.9759,nominal
1710000288000,S1,C1,18.4859,1.33377e-05,40.0329,180.445,-11.9221,nominal
1710000288000,S2,C1,18.4822,1.34431e-05,39.9292,179.934,-11.9946,edfa_aging
1710000288000,S3,C1,18.4571,1.41798e-05,40.2533,179.775,-11.9575,nominal
1710000289000,S1,C1,18.5171,1.24749e-05,39.7239,179.538,-12.0763,nominal
1710000289000,S2,C1,18.5556,1.14784e-05,39.9566,179.873,-11.9799,edfa_aging
1710000289000,S3,C1,18.5186,1.24327e-05,40.0574,180.186,-11.9253,nominal
1710000290000,S1,C1,18.4759,1.36238e-05,39.8036,180.045,-11.931,nominal
1710000290000,S2,C1,18.4891,1.32459e-05,40.0758,180.071,-12.0403,edfa_aging
1710000290000,S3,C1,18.5426,1.18074e-05,40.3123,179.795,-11.8993,nominal
1710000291000,S1,C1,18.5139,1.25595e-05,39.8981,180.498,-12.1035,nominal
1710000291000,S2,C1,18.5003,1.29311e-05,40.1348,180.118,-11.9449,edfa_aging
1710000291000,S3,C1,18.5134,1.25731e-05,40.055,179.44,-12.1263,nominal
1710000292000,S1,C1,18.4667,1.38937e-05,39.824,180.236,-12.0366,nominal
1710000292000,S2,C1,18.4972,1.30197e-05,39.9616,180.619,-11.9752,edfa_aging
1710000292000,S3,C1,18.5042,1.28233e-05,39.9319,180.391,-11.9545,nominal
1710000293000,S1,C1,18.5138,1.2563e-05,40.035,179.844,-12.0671,nominal
1710000293000,S2,C1,18.4359,1.48302e-05,39.9373,180.307,-12.0327,edfa_aging
1710000293000,S3,C1,18.5329,1.20574e-05,40.0646,179.973,-12.0065,nominal
1710000294000,S1,C1,18.4211,1.53009e-05,40.1579,181.045,-11.865,nominal
1710000294000,S2,C1,18.5008,1.29171e-05,40.0874,179.56,-12.1349,edfa_aging
1710000294000,S3,C1,18.546,1.17205e-05,40.1962,179.612,-12.0711,nominal
1710000295000,S1,C1,18.5665,1.12094e-05,39.9363,180.357,-11.8687,nominal
1710000295000,S2,C1,18.5238,1.22966e-05,39.8558,180.53,-11.9691,edfa_aging
1710000295000,S3,C1,18.5854,1.07572e-05,39.8192,179.702,-11.9794,nominal
1710000296000,S1,C1,18.4744,1.36694e-05,39.9287,179.969,-11.9389,nominal
1710000296000,S2,C1,18.5461,1.17169e-05,39.9408,180.114,-12.1032,edfa_aging
1710000296000,S3,C1,18.5208,1.23751e-05,40.1713,180.207,-11.9952,nominal
1710000297000,S1,C1,18.4209,1.53066e-05,39.9246,179.818,-11.9582,nominal
1710000297000,S2,C1,18.5293,1.21495e-05,39.9556,179.518,-12.0745,edfa_aging
1710000297000,S3,C1,18.4691,1.3823e-05,40.1648,179.999,-12.0186,nominal
1710000298000,S1,C1,18.4888,1.32542e-05,40.0209,179.952,-12.0416,nominal
1710000298000,S2,C1,18.5556,1.14787e-05,39.9663,179.592,-12.0527,edfa_aging
1710000298000,S3,C1,18.5217,1.23523e-05,40.2126,179.954,-11.9549,nominal
1710000299000,S1,C1,18.4815,1.34641e-05,39.9194,180.604,-11.8605,nominal
1710000299000,S2,C1,18.5193,1.24157e-05,39.9017,180.004,-12.0629,edfa_aging
1710000299000,S3,C1,18.4003,1.59853e-05,40.062,180.26,-12.0228,nominal
1710000300000,S1,C1,18.5076,1.27308e-05,40.0651,179.751,-11.8879,nominal
1710000300000,S2,C1,18.5042,1.2824e-05,40.2359,180.023,-12.1896,edfa_aging
1710000300000,S3,C1,18.501,1.29125e-05,40.1565,179.985,-11.9754,nominal
1710000301000,S1,C1,18.4427,1.46183e-05,40.0461,180.074,-11.9274,nominal
1710000301000,S2,C1,18.3901,1.63292e-05,40.1351,180.523,-12.0158,edfa_aging
1710000301000,S3,C1,18.4761,1.36177e-05,39.7331,179.287,-11.9907,nominal
1710000302000,S1,C1,18.5199,1.24e-05,40.0526,179.732,-12.0079,nominal
1710000302000,S2,C1,18.4456,1.45288e-05,39.966,180.173,-12.0855,edfa_aging
1710000302000,S3,C1,18.4974,1.30122e-05,39.983,180.327,-11.9953,nominal
1710000303000,S1,C1,18.6812,8.7091e-06,40.1154,180.565,-12.0267,nominal
1710000303000,S2,C1,18.5342,1.20232e-05,39.7758,181.046,-12.0687,edfa_aging
1710000303000,S3,C1,18.5233,1.23084e-05,40.1459,179.806,-12.0033,nominal
1710000304000,S1,C1,18.4361,1.48259e-05,40.0054,179.996,-12.0056,nominal
1710000304000,S2,C1,18.4467,1.44961e-05,39.9156,182.407,-11.9532,edfa_aging
1710000304000,S3,C1,18.5014,1.2901e-05,40.0752,179.851,-12.0284,nominal
1710000305000,S1,C1,18.5169,1.24799e-05,40.0222,180.408,-11.893,nominal
1710000305000,S2,C1,18.4646,1.39556e-05,40.0803,181.277,-11.8711,edfa_aging
1710000305000,S3,C1,18.4264,1.51319e-05,40.0337,179.046,-11.8969,nominal
1710000306000,S1,C1,18.4845,1.33778e-05,40.2645,180.29,-12.074,nominal
1710000306000,S2,C1,18.3984,1.60496e-05,39.6986,181.825,-11.9901,edfa_aging
1710000306000,S3,C1,18.4812,1.34722e-05,39.8079,178.709,-11.9489,nominal
1710000307000,S1,C1,18.5096,1.2676e-05,39.9936,179.828,-11.9893,nominal
1710000307000,S2,C1,18.3595,1.74044e-05,40.3647,182.769,-12.0705,edfa_aging
1710000307000,S3,C1,18.459,1.41217e-05,39.9689,180.011,-11.9719,nominal
1710000308000,S1,C1,18.4094,1.56822e-05,40.1201,180.343,-11.8685,nominal
1710000308000,S2,C1,18.4799,1.35092e-05,39.9799,183.264,-12.059,edfa_aging
1710000308000,S3,C1,18.4982,1.29894e-05,39.7361,179.809,-11.9322,nominal
1710000309000,S1,C1,18.4424,1.46272e-05,40.0084,180.439,-11.9281,nominal
1710000309000,S2,C1,18.3797,1.66877e-05,39.9838,183.307,-11.9172,edfa_aging
1710000309000,S3,C1,18.5174,1.24665e-05,39.9583,179.992,-12.0512,nominal
1710000310000,S1,C1,18.523,1.23173e-05,39.9314,179.601,-11.8598,nominal
1710000310000,S2,C1,18.4209,1.53064e-05,40.0871,183.987,-12.0084,edfa_aging
1710000310000,S3,C1,18.4512,1.43591e-05,40.0443,180.104,-11.8821,nominal
1710000311000,S1,C1,18.4981,1.29939e-05,39.9315,180.345,-11.9652,nominal
1710000311000,S2,C1,18.3571,1.7491e-05,39.7772,184.273,-12.1006,edfa_aging
1710000311000,S3,C1,18.5362,1.19717e-05,39.9175,180.346,-12.1329,nominal
1710000312000,S1,C1,18.5818,1.0844e-05,39.8769,181.493,-11.964,nominal
1710000312000,S2,C1,18.3003,1.96675e-05,40.0016,184.366,-11.8297,edfa_aging
1710000312000,S3,C1,18.5647,1.12553e-05,40.0668,180.519,-12.0278,nominal
1710000313000,S1,C1,18.4648,1.39513e-05,40.0017,179.943,-11.888,nominal
1710000313000,S2,C1,18.1873,2.47249e-05,39.9909,185.077,-11.9432,edfa_aging
1710000313000,S3,C1,18.4861,1.33324e-05,39.9961,180.476,-12.1373,nominal
1710000314000,S1,C1,18.5087,1.27007e-05,39.9093,180.319,-11.946,nominal
1710000314000,S2,C1,18.2886,2.01446e-05,40.0989,185.351,-12.0579,edfa_aging
1710000314000,S3,C1,18.5361,1.19744e-05,40.1287,179.604,-12.047,nominal
1710000315000,S1,C1,18.6457,9.42398e-06,39.9364,179.525,-11.9704,nominal
1710000315000,S2,C1,18.1902,2.45796e-05,39.8401,186.002,-12.0586,edfa_aging
1710000315000,S3,C1,18.4255,1.51594e-05,39.9431,179.686,-11.9729,nominal
1710000316000,S1,C1,18.4617,1.40417e-05,40.1828,180.247,-12.0382,nominal
1710000316000,S2,C1,18.1421,2.7052e-05,40.0862,186.522,-12.1335,edfa_aging
1710000316000,S3,C1,18.4726,1.37198e-05,39.7561,180.043,-11.9979,nominal
1710000317000,S1,C1,18.4548,1.42493e-05,39.9798,179.825,-12.1153,nominal
1710000317000,S2,C1,18.2999,1.9685e-05,40.1711,186.275,-12.1756,edfa_aging
1710000317000,S3,C1,18.5479,1.16724e-05,39.8074,180.556,-11.8398,nominal
1710000318000,S1,C1,18.4982,1.29893e-05,40.1708,180.371,-11.879,nominal
1710000318000,S2,C1,18.2586,2.14136e-05,40.0368,186.973,-11.9958,edfa_aging
1710000318000,S3,C1,18.4114,1.56163e-05,39.882,180.443,-11.9825,nominal
1710000319000,S1,C1,18.4978,1.30025e-05,40.0396,180.042,-12.0304,nominal
1710000319000,S2,C1,18.2393,2.2269e-05,39.9107,186.975,-12.0763,edfa_aging
1710000319000,S3,C1,18.4744,1.36686e-05,39.996,179.795,-11.9656,nominal
1710000320000,S1,C1,18.5422,1.18167e-05,40.1291,179.588,-12.0564,nominal
1710000320000,S2,C1,18.1944,2.43756e-05,39.8647,187.632,-11.9019,edfa_aging
1710000320000,S3,C1,18.4549,1.42467e-05,40.011,179.529,-12.0075,nominal
1710000321000,S1,C1,18.5065,1.2762e-05,39.9081,180.505,-11.9282,nominal
1710000321000,S2,C1,18.1749,2.53445e-05,39.7253,188.206,-12.0588,edfa_aging
1710000321000,S3,C1,18.5572,1.14394e-05,39.886,180.114,-12.0842,nominal
1710000322000,S1,C1,18.4622,1.40285e-05,40.0218,179.975,-12.0674,nominal
1710000322000,S2,C1,18.1827,2.49531e-05,39.9063,188.816,-12.0171,edfa_aging
1710000322000,S3,C1,18.557,1.14432e-05,40.0137,179.927,-11.9384,nominal
1710000323000,S1,C1,18.5106,1.26504e-05,40.395,179.653,-12.1042,nominal
1710000323000,S2,C1,18.1542,2.64119e-05,40.0681,188.597,-11.9395,edfa_aging
1710000323000,S3,C1,18.4685,1.38395e-05,39.8991,180.269,-11.8876,nominal
1710000324000,S1,C1,18.6319,9.71409e-06,40.1237,180.089,-12.042,nominal
1710000324000,S2,C1,18.1348,2.74432e-05,40.218,189.542,-12.1199,edfa_aging
1710000324000,S3,C1,18.5059,1.27776e-05,40.0938,180.317,-12.0972,nominal
1710000325000,S1,C1,18.5636,1.12816e-05,40.1501,179.673,-12.0017,nominal
1710000325000,S2,C1,18.1533,2.64595e-05,40.1483,189.628,-11.9677,edfa_aging
1710000325000,S3,C1,18.3691,1.70623e-05,39.7991,180.132,-12.158,nominal
1710000326000,S1,C1,18.3609,1.7355e-05,40.0345,180.222,-11.975,nominal
1710000326000,S2,C1,17.9782,3.72105e-05,40.173,189.937,-12.1381,edfa_aging
1710000326000,S3,C1,18.5423,1.18156e-05,40.1725,179.654,-12.1438,nominal
1710000327000,S1,C1,18.4929,1.31388e-05,40.1281,180.037,-11.956,nominal
1710000327000,S2,C1,18.1308,2.76633e-05,39.9215,190.323,-11.8149,edfa_aging
1710000327000,S3,C1,18.5172,1.24703e-05,40.0412,179.525,-12.0289,nominal
1710000328000,S1,C1,18.4562,1.42059e-05,39.8251,179.913,-11.9196,nominal
1710000328000,S2,C1,18.0395,3.30742e-05,39.928,190.551,-12.1137,edfa_aging
1710000328000,S3,C1,18.5661,1.12206e-05,39.9407,179.895,-11.9804,nominal
1710000329000,S1,C1,18.5311,1.21033e-05,39.8717,180.331,-12.0057,nominal
1710000329000,S2,C1,18.0989,2.94543e-05,39.7619,191.303,-12.0762,edfa_aging
1710000329000,S3,C1,18.3803,1.66669e-05,39.8396,180.194,-11.9481,nominal
1710000330000,S1,C1,18.4913,1.31827e-05,40.0636,179.547,-11.9674,nominal
1710000330000,S2,C1,18.1,2.93932e-05,39.8918,191.036,-11.8097,edfa_aging
1710000330000,S3,C1,18.5171,1.24736e-05,40.0839,179.98,-12.1864,nominal
1710000331000,S1,C1,18.5966,1.04973e-05,40.1222,180.454,-12.0052,nominal
1710000331000,S2,C1,17.9841,3.6795e-05,39.8226,192.085,-12.0429,edfa_aging
1710000331000,S3,C1,18.4821,1.34461e-05,39.9129,180.283,-12.1302,nominal
1710000332000,S1,C1,18.5466,1.1706e-05,39.9376,179.254,-12.047,nominal
1710000332000,S2,C1,18.051,3.23428e-05,39.9552,192.059,-11.9481,edfa_aging
1710000332000,S3,C1,18.3691,1.70605e-05,40.0998,179.846,-11.9918,nominal
1710000333000,S1,C1,18.5445,1.17578e-05,39.9709,180.711,-11.9644,nominal
1710000333000,S2,C1,18.0355,3.33316e-05,40.094,193.225,-12.0114,edfa_aging
1710000333000,S3,C1,18.4651,1.39419e-05,40.2776,180.438,-11.9681,nominal
1710000334000,S1,C1,18.5093,1.26842e-05,39.9447,180.136,-11.9682,nominal
1710000334000,S2,C1,17.9456,3.95919e-05,39.975,192.81,-12.1851,edfa_aging
1710000334000,S3,C1,18.4957,1.30606e-05,40.0305,180.144,-12.0357,nominal
1710000335000,S1,C1,18.498,1.29965e-05,39.9707,179.956,-11.8494,nominal
1710000335000,S2,C1,17.9393,4.00681e-05,39.9433,193.502,-11.9973,edfa_aging
1710000335000,S3,C1,18.5399,1.18765e-05,40.0416,179.882,-12.0509,nominal
1710000336000,S1,C1,18.517,1.24766e-05,39.8187,179.765,-11.9487,nominal
1710000336000,S2,C1,17.9565,3.87825e-05,40.0963,194.03,-12.0821,edfa_aging
1710000336000,S3,C1,18.5095,1.26793e-05,40.0877,179.721,-11.9647,nominal
1710000337000,S1,C1,18.5648,1.12529e-05,39.7838,180.283,-12.0514,nominal
1710000337000,S2,C1,17.8244,4.96752e-05,40.2204,194.416,-11.8643,edfa_aging
1710000337000,S3,C1,18.4739,1.36831e-05,39.9281,179.954,-12.0584,nominal
1710000338000,S1,C1,18.5267,1.22185e-05,39.9863,179.998,-11.9489,nominal
1710000338000,S2,C1,17.8987,4.32578e-05,40.1556,195.095,-12.0926,edfa_aging
1710000338000,S3,C1,18.522,1.23446e-05,40.2986,180.042,-12.1401,nominal
1710000339000,S1,C1,18.4824,1.34356e-05,39.7378,179.991,-12.0159,nominal
1710000339000,S2,C1,17.9157,4.1898e-05,39.738,195.496,-11.8671,edfa_aging
1710000339000,S3,C1,18.4943,1.31e-05,39.9783,180.632,-11.8916,nominal
1710000340000,S1,C1,18.5638,1.12776e-05,39.8516,180.479,-11.8712,nominal
1710000340000,S2,C1,17.8693,4.57015e-05,40.2553,195.152,-12.0351,edfa_aging
1710000340000,S3,C1,18.4672,1.38798e-05,40.1151,180.047,-11.9285,nominal
1710000341000,S1,C1,18.5096,1.26767e-05,39.8992,179.887,-12.131,nominal
1710000341000,S2,C1,17.7971,5.22366e-05,39.927,195.389,-11.9725,edfa_aging
1710000341000,S3,C1,18.4487,1.44359e-05,40.0635,180.274,-12.0308,nominal
1710000342000,S1,C1,18.4961,1.30485e-05,39.8402,179.967,-12.0485,nominal
1710000342000,S2,C1,17.8431,4.79893e-05,39.7765,196.503,-11.7992,edfa_aging
1710000342000,S3,C1,18.5071,1.27439e-05,39.9274,179.2,-12.0109,nominal
1710000343000,S1,C1,18.4604,1.40802e-05,40.0337,180.236,-12.0483,nominal
1710000343000,S2,C1,17.9241,4.12383e-05,39.9394,196.466,-12.0381,edfa_aging
1710000343000,S3,C1,18.5075,1.27329e-05,40.2193,180.4,-12.0689,nominal
1710000344000,S1,C1,18.4717,1.37468e-05,39.9309,180.496,-11.9865,nominal
1710000344000,S2,C1,17.9002,4.314e-05,40.1438,196.619,-12.0363,edfa_aging
1710000344000,S3,C1,18.5918,1.06092e-05,40.0729,179.982,-11.8704,nominal
1710000345000,S1,C1,18.4682,1.38497e-05,39.9855,180.002,-12.0063,nominal
1710000345000,S2,C1,17.8135,5.06881e-05,39.5934,197.035,-11.9543,edfa_aging
1710000345000,S3,C1,18.4771,1.35884e-05,39.9209,179.649,-11.9619,nominal
1710000346000,S1,C1,18.3604,1.73734e-05,39.8459,180.127,-12.1218,nominal
1710000346000,S2,C1,17.7648,5.54173e-05,40.1903,197.729,-12.089,edfa_aging
1710000346000,S3,C1,18.58,1.08866e-05,39.9225,179.117,-11.9204,nominal
1710000347000,S1,C1,18.5508,1.1598e-05,39.8859,180.081,-12.1434,nominal
1710000347000,S2,C1,17.7901,5.29203e-05,40.0265,198.063,-11.9382,edfa_aging
1710000347000,S3,C1,18.5173,1.24687e-05,39.7332,179.677,-12.0192,nominal
1710000348000,S1,C1,18.5283,1.21763e-05,40.0739,180.363,-11.9816,nominal
1710000348000,S2,C1,17.7774,5.41642e-05,40.0781,197.254,-11.936,edfa_aging
1710000348000,S3,C1,18.5587,1.14024e-05,39.8616,180.652,-12.0852,nominal
1710000349000,S1,C1,18.4893,1.32406e-05,40.0514,180.665,-11.8801,nominal
1710000349000,S2,C1,17.7285,5.9198e-05,39.7877,198.141,-12.0049,edfa_aging
1710000349000,S3,C1,18.4545,1.42589e-05,40.1469,180.338,-11.8193,nominal
1710000350000,S1,C1,18.5523,1.15614e-05,39.927,179.685,-11.881,nominal
1710000350000,S2,C1,17.7315,5.88814e-05,39.9104,198.589,-12.15,edfa_aging
1710000350000,S3,C1,18.4561,1.42109e-05,40.1492,180.325,-11.9665,nominal
1710000351000,S1,C1,18.5219,1.2346e-05,40.0512,180.009,-12.0275,nominal
1710000351000,S2,C1,17.7653,5.53674e-05,39.8228,198.754,-12.1925,edfa_aging
1710000351000,S3,C1,18.4844,1.33798e-05,39.8848,179.822,-11.9156,nominal
1710000352000,S1,C1,18.5186,1.24346e-05,40.0246,180.043,-11.9596,nominal
1710000352000,S2,C1,17.7668,5.52177e-05,40.1706,199.96,-12.0752,edfa_aging
1710000352000,S3,C1,18.5446,1.17549e-05,40.1173,180.253,-11.8879,nominal
1710000353000,S1,C1,18.3763,1.68086e-05,40.0202,180.301,-12.0644,nominal
1710000353000,S2,C1,17.584,7.65796e-05,39.8769,200.353,-12.0441,edfa_aging
1710000353000,S3,C1,18.5087,1.27024e-05,40.1704,180.253,-11.8444,nominal
1710000354000,S1,C1,18.4883,1.32672e-05,40.2354,180.669,-12.1101,nominal
1710000354000,S2,C1,17.7409,5.78824e-05,40.0501,200.163,-12.1951,edfa_aging
1710000354000,S3,C1,18.5375,1.19366e-05,40.1409,180.143,-11.9557,nominal
1710000355000,S1,C1,18.5266,1.22214e-05,39.9359,180.056,-11.899,nominal
1710000355000,S2,C1,17.6848,6.4042e-05,39.8945,201.135,-12.03,edfa_aging
1710000355000,S3,C1,18.5158,1.25092e-05,40.2122,179.643,-12.1202,nominal
1710000356000,S1,C1,18.5805,1.08743e-05,40.0589,180.149,-11.9424,nominal
1710000356000,S2,C1,17.7217,5.99354e-05,39.7436,200.798,-12.0033,edfa_aging
1710000356000,S3,C1,18.5514,1.15849e-05,39.7421,179.769,-11.953,nominal
1710000357000,S1,C1,18.592,1.06039e-05,40.059,180.52,-12.0222,nominal
1710000357000,S2,C1,17.6492,6.82443e-05,40.1263,201.821,-12.0045,edfa_aging
1710000357000,S3,C1,18.5099,1.267e-05,40.0561,179.887,-12.0412,nominal
1710000358000,S1,C1,18.5713,1.10942e-05,39.9606,179.559,-12.0253,nominal
1710000358000,S2,C1,17.6584,6.71422e-05,40.1726,201.941,-11.9046,edfa_aging
1710000358000,S3,C1,18.4737,1.36891e-05,39.8837,181.204,-12.0175,nominal
1710000359000,S1,C1,18.4419,1.46436e-05,39.8209,179.751,-11.9233,nominal
1710000359000,S2,C1,17.7046,6.18088e-05,40.2206,202.068,-12.0474,edfa_aging
1710000359000,S3,C1,18.5257,1.22453e-05,40.1267,179.227,-11.912,nominal
1710000360000,S1,C1,18.3901,1.63293e-05,40.0991,179.88,-11.9704,nominal
1710000360000,S2,C1,17.4601,9.48683e-05,39.91,202.541,-11.9831,edfa_aging
1710000360000,S3,C1,18.5045,1.28163e-05,39.9152,180.658,-11.9751,nominal
1710000361000,S1,C1,18.5285,1.21711e-05,40.0346,180.059,-12.0223,nominal
1710000361000,S2,C1,17.6746,6.52316e-05,40.0009,202.483,-12.0748,edfa_aging
1710000361000,S3,C1,18.5874,1.0711e-05,40.0408,180.559,-12.0208,nominal
1710000362000,S1,C1,18.5014,1.29023e-05,40.0026,180.155,-11.9734,nominal
1710000362000,S2,C1,17.5908,7.56724e-05,40.098,203.476,-11.9276,edfa_aging
1710000362000,S3,C1,18.492,1.31637e-05,40.1561,180.095,-12.0072,nominal
1710000363000,S1,C1,18.5481,1.16664e-05,39.9985,179.852,-11.9964,nominal
1710000363000,S2,C1,17.4764,9.2275e-05,40.0436,203.224,-12.0281,edfa_aging
1710000363000,S3,C1,18.5055,1.27902e-05,39.7902,180.33,-11.9586,nominal
1710000364000,S1,C1,18.4937,1.31161e-05,39.998,180.771,-12.0278,nominal
1710000364000,S2,C1,17.4205,0.000101484,40.0256,203.942,-12.0242,edfa_aging
1710000364000,S3,C1,18.4847,1.33716e-05,39.9271,180.152,-11.8854,nominal
1710000365000,S1,C1,18.511,1.26391e-05,39.8606,179.776,-12.0522,nominal
1710000365000,S2,C1,17.5559,8.0433e-05,40.3452,203.74,-12.0005,edfa_aging
1710000365000,S3,C1,18.5578,1.14242e-05,39.9189,180.228,-11.8927,nominal
1710000366000,S1,C1,18.425,1.51762e-05,40.0383,179.98,-11.9226,nominal
1710000366000,S2,C1,17.4752,9.24507e-05,39.9305,204.095,-12.1719,edfa_aging
1710000366000,S3,C1,18.5437,1.17779e-05,40.0173,179.774,-12.1106,nominal
1710000367000,S1,C1,18.5224,1.23327e-05,39.7238,180.501,-12.0328,nominal
1710000367000,S2,C1,17.5633,7.93923e-05,40.1267,204.793,-11.9324,edfa_aging
1710000367000,S3,C1,18.5326,1.20657e-05,39.7874,179.227,-11.9544,nominal
1710000368000,S1,C1,18.4778,1.35706e-05,39.9902,180.374,-12.0886,nominal
1710000368000,S2,C1,17.5104,8.70333e-05,39.9134,205.142,-12.0564,edfa_aging
1710000368000,S3,C1,18.4377,1.47759e-05,40.1378,181.072,-11.9705,nominal
1710000369000,S1,C1,18.5175,1.24635e-05,39.7695,180.055,-11.8529,nominal
1710000369000,S2,C1,17.4794,9.17928e-05,40.2074,205.929,-12.0255,edfa_aging
1710000369000,S3,C1,18.4242,1.52027e-05,40.3072,180.7,-11.9385,nominal
1710000370000,S1,C1,18.523,1.23176e-05,39.9409,180.213,-11.8971,nominal
1710000370000,S2,C1,17.5224,8.52428e-05,39.9546,205.684,-12.0226,edfa_aging
1710000370000,S3,C1,18.5132,1.2578e-05,39.9769,179.452,-11.9382,nominal
1710000371000,S1,C1,18.4941,1.3104e-05,40.1008,180.392,-11.9542,nominal
1710000371000,S2,C1,17.4689,9.34551e-05,39.8456,206.229,-11.7952,edfa_aging
1710000371000,S3,C1,18.5361,1.19737e-05,40.095,180.456,-11.9459,nominal
1710000372000,S1,C1,18.5158,1.2508e-05,39.9545,180.055,-12.0007,nominal
1710000372000,S2,C1,17.483,9.12315e-05,40.1071,206.58,-12.0067,edfa_aging
1710000372000,S3,C1,18.574,1.103e-05,39.6201,179.846,-11.9151,nominal
1710000373000,S1,C1,18.4993,1.29594e-05,39.9212,180.323,-11.98,nominal
1710000373000,S2,C1,17.4741,9.26265e-05,40.0017,207.554,-12.0536,edfa_aging
1710000373000,S3,C1,18.4102,1.56557e-05,39.8362,180.19,-11.9783,nominal
1710000374000,S1,C1,18.538,1.19257e-05,40.07,179.688,-12.1098,nominal
1710000374000,S2,C1,17.4353,9.89686e-05,39.9365,207.155,-12.0141,edfa_aging
1710000374000,S3,C1,18.4915,1.31786e-05,40.1131,179.595,-11.8997,nominal
1710000375000,S1,C1,18.5251,1.22616e-05,39.9525,180.088,-11.997,nominal
1710000375000,S2,C1,17.4454,9.72799e-05,39.9604,206.976,-12.028,edfa_aging
1710000375000,S3,C1,18.4155,1.54835e-05,40.0572,179.583,-11.8389,nominal
1710000376000,S1,C1,18.4726,1.37194e-05,39.9315,179.393,-11.974,nominal
1710000376000,S2,C1,17.4321,9.95047e-05,39.901,207.166,-12.0309,edfa_aging
1710000376000,S3,C1,18.452,1.43355e-05,40.1122,180.746,-12.0253,nominal
1710000377000,S1,C1,18.4706,1.37789e-05,39.9336,179.697,-12.0114,nominal
1710000377000,S2,C1,17.311,0.000121871,40.072,207.913,-11.992,edfa_aging
1710000377000,S3,C1,18.4889,1.32503e-05,40.2111,179.822,-12.0895,nominal
1710000378000,S1,C1,18.5872,1.07164e-05,40.2192,179.595,-11.9614,nominal
1710000378000,S2,C1,17.3526,0.000113742,40.0437,208.414,-11.9216,edfa_aging
1710000378000,S3,C1,18.5482,1.16658e-05,40.0257,179.97,-12.0211,nominal
1710000379000,S1,C1,18.4949,1.30821e-05,40.092,180.565,-12.0561,nominal
1710000379000,S2,C1,17.347,0.000114792,40.2448,208.243,-12.0954,edfa_aging
1710000379000,S3,C1,18.4737,1.36893e-05,39.9745,180.283,-11.9968,nominal
1710000380000,S1,C1,18.5496,1.16295e-05,40.0643,179.869,-11.9815,nominal
1710000380000,S2,C1,17.321,0.000119856,39.8917,208.562,-11.9724,edfa_aging
1710000380000,S3,C1,18.4641,1.39711e-05,39.9406,180.592,-12.0181,nominal
1710000381000,S1,C1,18.5197,1.24054e-05,39.8136,180.178,-12.1195,nominal
1710000381000,S2,C1,17.2474,0.000135259,40.2097,208.966,-12.0162,edfa_aging
1710000381000,S3,C1,18.484,1.33908e-05,40.0252,179.813,-12.0664,nominal
1710000382000,S1,C1,18.4718,1.37441e-05,40.0848,179.681,-11.9981,nominal
1710000382000,S2,C1,17.2854,0.000127106,40.0775,209.649,-11.9974,edfa_aging
1710000382000,S3,C1,18.5629,1.12989e-05,39.6926,180.25,-12.0461,nominal
1710000383000,S1,C1,18.4626,1.40169e-05,39.7979,179.974,-12.0445,nominal
1710000383000,S2,C1,17.3177,0.000120511,39.7817,210.219,-11.9266,edfa_aging
1710000383000,S3,C1,18.6208,9.95528e-06,40.2293,180.308,-11.938,nominal
1710000384000,S1,C1,18.506,1.2775e-05,40.0636,179.942,-12.1008,nominal
1710000384000,S2,C1,17.2974,0.000124619,40.2203,210.016,-12.0171,edfa_aging
1710000384000,S3,C1,18.4229,1.52435e-05,39.6831,179.769,-11.9209,nominal
1710000385000,S1,C1,18.5128,1.25891e-05,39.8242,179.708,-12.0277,nominal
1710000385000,S2,C1,17.3511,0.000114027,39.7275,210.293,-12.2121,edfa_aging
1710000385000,S3,C1,18.4863,1.33247e-05,39.7694,179.775,-12.0661,nominal
1710000386000,S1,C1,18.5307,1.21136e-05,40.2843,180.403,-11.9948,nominal
1710000386000,S2,C1,17.2316,0.000138788,40.0713,211.442,-11.9493,edfa_aging
1710000386000,S3,C1,18.4785,1.35495e-05,40.0158,180.249,-12.0111,nominal
1710000387000,S1,C1,18.4367,1.48076e-05,39.7388,179.379,-12.0434,nominal
1710000387000,S2,C1,17.2274,0.000139735,39.7143,211.957,-11.9461,edfa_aging
1710000387000,S3,C1,18.5584,1.14085e-05,40.1452,179.958,-12.1106,nominal
1710000388000,S1,C1,18.4703,1.37889e-05,40.1745,180.308,-11.9237,nominal
1710000388000,S2,C1,17.2075,0.000144303,40.0362,211.795,-11.9487,edfa_aging
1710000388000,S3,C1,18.5218,1.23491e-05,40.0863,180.63,-12.0544,nominal
1710000389000,S1,C1,18.4953,1.30727e-05,40.1113,181.132,-12.0515,nominal
1710000389000,S2,C1,17.2075,0.0001443,39.9393,211.671,-12.0599,edfa_aging
1710000389000,S3,C1,18.577,1.09563e-05,40.2278,179.292,-11.9852,nominal
1710000390000,S1,C1,18.58,1.08849e-05,39.7248,179.719,-11.9231,nominal
1710000390000,S2,C1,17.1804,0.000150756,39.9545,211.985,-11.8646,edfa_aging
1710000390000,S3,C1,18.4494,1.44138e-05,39.9379,180.212,-12.0309,nominal
1710000391000,S1,C1,18.382,1.66089e-05,39.955,180.064,-11.9395,nominal
1710000391000,S2,C1,17.1042,0.000170188,39.7075,212.808,-12.0182,edfa_aging
1710000391000,S3,C1,18.5007,1.29215e-05,39.9065,179.945,-12.0063,nominal
1710000392000,S1,C1,18.522,1.23445e-05,40.2076,179.418,-12.0444,nominal
1710000392000,S2,C1,17.2023,0.00014552,39.8808,212.162,-12.0709,edfa_aging
1710000392000,S3,C1,18.4772,1.3586e-05,40.0851,179.452,-12.1088,nominal
1710000393000,S1,C1,18.473,1.37089e-05,40.1613,180.039,-11.8843,nominal
1710000393000,S2,C1,17.2218,0.000141004,40.175,212.532,-11.8479,edfa_aging
1710000393000,S3,C1,18.4452,1.4543e-05,39.8342,179.961,-12.0156,nominal
1710000394000,S1,C1,18.5216,1.23548e-05,39.7422,179.344,-12.104,nominal
1710000394000,S2,C1,17.2157,0.000142401,40.0917,213.848,-12.2053,edfa_aging
1710000394000,S3,C1,18.4921,1.31613e-05,40.0331,179.439,-12.132,nominal
1710000395000,S1,C1,18.4754,1.36389e-05,39.9129,180.302,-11.9551,nominal
1710000395000,S2,C1,17.0927,0.00017331,39.9884,213.219,-11.9493,edfa_aging
1710000395000,S3,C1,18.4408,1.46791e-05,40.0783,179.871,-12,nominal
1710000396000,S1,C1,18.5182,1.2444e-05,39.8148,179.846,-11.9919,nominal
1710000396000,S2,C1,17.1248,0.000164735,39.9796,213.795,-11.9602,edfa_aging
1710000396000,S3,C1,18.6086,1.0225e-05,40.0458,180.438,-12.0039,nominal
1710000397000,S1,C1,18.5782,1.09278e-05,39.8371,179.294,-11.9371,nominal
1710000397000,S2,C1,17.2144,0.000142711,39.9019,215.232,-12.0302,edfa_aging
1710000397000,S3,C1,18.5209,1.23736e-05,39.6967,179.725,-12.0708,nominal
1710000398000,S1,C1,18.5177,1.24578e-05,39.8944,179.517,-12.1202,nominal
1710000398000,S2,C1,17.104,0.000170261,40.2187,214.534,-12.0659,edfa_aging
1710000398000,S3,C1,18.4492,1.44204e-05,39.9659,180.246,-12.0166,nominal
1710000399000,S1,C1,18.5217,1.23521e-05,40.2668,179.397,-12.0908,nominal
1710000399000,S2,C1,17.1143,0.000167507,39.9961,215.575,-11.8799,edfa_aging
1710000399000,S3,C1,18.4697,1.38055e-05,39.6948,180.124,-11.9807,nominal
1710000400000,S1,C1,18.5186,1.24329e-05,40.0106,179.925,-12.0628,nominal
1710000400000,S2,C1,17.0767,0.000177713,40.166,215.242,-11.9023,edfa_aging
1710000400000,S3,C1,18.5866,1.07294e-05,40.1283,179.809,-11.9639,nominal
1710000401000,S1,C1,18.4625,1.40189e-05,39.9567,180.387,-11.9961,nominal
1710000401000,S2,C1,17.1222,0.000165409,39.7786,215.235,-11.8659,edfa_aging
1710000401000,S3,C1,18.4761,1.36187e-05,39.9343,179.894,-11.832,nominal
1710000402000,S1,C1,18.5272,1.22072e-05,39.9403,179.877,-11.9912,nominal
1710000402000,S2,C1,17.1079,0.000169197,39.7692,216.151,-11.9938,edfa_aging
1710000402000,S3,C1,18.5347,1.20099e-05,40.1484,180.09,-11.8694,nominal
1710000403000,S1,C1,18.4896,1.32323e-05,40.0904,179.558,-11.9966,nominal
1710000403000,S2,C1,17.1635,0.000154885,40.2092,216.248,-12.0032,edfa_aging
1710000403000,S3,C1,18.5292,1.21538e-05,40.1967,180.133,-12.0311,nominal
1710000404000,S1,C1,18.4594,1.41106e-05,40.0941,179.696,-12.0185,nominal
1710000404000,S2,C1,17.0597,0.000182515,39.8717,216.93,-11.997,edfa_aging
1710000404000,S3,C1,18.5546,1.1503e-05,39.7979,179.806,-11.8494,nominal
1710000405000,S1,C1,18.4981,1.29941e-05,39.8526,180.082,-12.0537,nominal
1710000405000,S2,C1,17.0449,0.000186796,39.9752,216.326,-12.1031,edfa_aging
1710000405000,S3,C1,18.5317,1.20871e-05,40.1361,179.943,-11.982,nominal
1710000406000,S1,C1,18.4886,1.32591e-05,40.2105,179.042,-12.1058,nominal
1710000406000,S2,C1,16.9495,0.000216423,40.0772,217.422,-11.8877,edfa_aging
1710000406000,S3,C1,18.4895,1.32348e-05,40.059,180.312,-11.7946,nominal
1710000407000,S1,C1,18.5377,1.19331e-05,39.828,180.27,-12.0321,nominal
1710000407000,S2,C1,16.9774,0.000207368,40.1449,217.618,-11.8975,edfa_aging
1710000407000,S3,C1,18.4704,1.37842e-05,40.2232,179.61,-11.9644,nominal
1710000408000,S1,C1,18.4979,1.30001e-05,39.9488,180.195,-11.9571,nominal
1710000408000,S2,C1,16.9505,0.000216074,40.102,218.155,-11.9329,edfa_aging
1710000408000,S3,C1,18.4112,1.5623e-05,39.8107,179.538,-12.0367,nominal
1710000409000,S1,C1,18.4735,1.36934e-05,40.0579,179.029,-11.9189,nominal
1710000409000,S2,C1,16.957,0.000213945,40.0903,218.251,-12.1063,edfa_aging
1710000409000,S3,C1,18.4976,1.30068e-05,39.809,180.131,-11.9508,nominal
1710000410000,S1,C1,18.5728,1.10579e-05,40.2469,180.509,-12.0384,nominal
1710000410000,S2,C1,16.8957,0.000234833,40.2522,218.063,-12.009,edfa_aging
1710000410000,S3,C1,18.5069,1.27496e-05,39.8818,180.191,-11.9912,nominal
1710000411000,S1,C1,18.5494,1.16338e-05,39.9384,179.36,-11.9147,nominal
1710000411000,S2,C1,17.01,0.000197205,40.0461,219.282,-11.9646,edfa_aging
1710000411000,S3,C1,18.482,1.34486e-05,39.7238,179.091,-11.88,nominal
1710000412000,S1,C1,18.5635,1.12841e-05,40.0332,179.937,-12.1049,nominal
1710000412000,S2,C1,16.8843,0.000238899,40.1446,219.419,-11.9515,edfa_aging
1710000412000,S3,C1,18.4928,1.3141e-05,40.0184,180.048,-12.0184,nominal
1710000413000,S1,C1,18.5304,1.21224e-05,40.1856,180.504,-11.938,nominal
1710000413000,S2,C1,16.9386,0.00022004,40.0142,219.73,-12.0554,edfa_aging
1710000413000,S3,C1,18.4393,1.47249e-05,39.8913,180.556,-12.0274,nominal
1710000414000,S1,C1,18.4945,1.30934e-05,40.0837,179.355,-12.0841,nominal
1710000414000,S2,C1,16.8499,0.000251566,40.0322,219.909,-11.9393,edfa_aging
1710000414000,S3,C1,18.6086,1.02266e-05,40.0284,180.336,-12.1826,nominal
1710000415000,S1,C1,18.479,1.35333e-05,40.1593,179.268,-11.9798,nominal
1710000415000,S2,C1,16.9182,0.000226965,40.2947,220.11,-11.8585,edfa_aging
1710000415000,S3,C1,18.4749,1.3652e-05,40.05,179.864,-12.0184,nominal
1710000416000,S1,C1,18.486,1.3333e-05,40.146,179.564,-12.0739,nominal
1710000416000,S2,C1,16.9718,0.000209156,39.9693,220.041,-12.0967,edfa_aging
1710000416000,S3,C1,18.4482,1.44493e-05,40.1243,180.157,-12.049,nominal
1710000417000,S1,C1,18.5474,1.16851e-05,40.0292,179.577,-12.075,nominal
1710000417000,S2,C1,16.8359,0.000256864,39.6251,219.862,-12.0336,edfa_aging
1710000417000,S3,C1,18.4701,1.37923e-05,39.8003,179.357,-12.0481,nominal
1710000418000,S1,C1,18.5056,1.27863e-05,40.0849,179.962,-12.0418,nominal
1710000418000,S2,C1,16.8833,0.000239286,40.0193,220.241,-12.1089,edfa_aging
1710000418000,S3,C1,18.4916,1.3176e-05,40.1079,180.258,-11.908,nominal
1710000419000,S1,C1,18.4259,1.51488e-05,40.1277,179.804,-11.8878,nominal
1710000419000,S2,C1,16.8498,0.000251615,40.0363,221.094,-12.1193,edfa_aging
1710000419000,S3,C1,18.5371,1.19481e-05,40.1068,180.125,-11.9314,nominal
1710000420000,S1,C1,18.498,1.29948e-05,39.9861,179.815,-12.0512,nominal
1710000420000,S2,C1,16.8554,0.000249492,40.2843,220.561,-12.054,edfa_aging
1710000420000,S3,C1,18.3786,1.67257e-05,39.8493,180.351,-11.9929,nominal
1710000421000,S1,C1,18.4292,1.50426e-05,40.23,179.82,-11.9504,nominal
1710000421000,S2,C1,16.8504,0.000251362,39.9505,221.491,-11.9772,edfa_aging
1710000421000,S3,C1,18.5258,1.22431e-05,39.9051,179.947,-12.0093,nominal
1710000422000,S1,C1,18.5083,1.27124e-05,39.6924,179.942,-11.9869,nominal
1710000422000,S2,C1,16.7858,0.000276671,39.8324,222.374,-11.9614,edfa_aging
1710000422000,S3,C1,18.4692,1.38199e-05,39.7797,180.272,-12.0624,nominal
1710000423000,S1,C1,18.4398,1.47091e-05,39.8522,179.667,-11.9754,nominal
1710000423000,S2,C1,16.7968,0.000272214,40.0255,221.96,-12.013,edfa_aging
1710000423000,S3,C1,18.491,1.31912e-05,40.1799,179.835,-12.0801,nominal
1710000424000,S1,C1,18.4368,1.48029e-05,40.2068,180.15,-11.9746,nominal
1710000424000,S2,C1,16.7646,0.000285435,40.2861,223.375,-11.924,edfa_aging
1710000424000,S3,C1,18.5509,1.15972e-05,40.1973,180.437,-11.9529,nominal
1710000425000,S1,C1,18.5059,1.27771e-05,40.0543,180.015,-11.9498,nominal
1710000425000,S2,C1,16.7411,0.000295425,39.9539,222.251,-11.9494,edfa_aging
1710000425000,S3,C1,18.5383,1.19161e-05,39.8696,180.189,-11.9758,nominal
1710000426000,S1,C1,18.4961,1.30494e-05,39.8937,179.6,-12.0931,nominal
1710000426000,S2,C1,16.7092,0.000309446,40.1978,223.473,-12.0411,edfa_aging
1710000426000,S3,C1,18.4661,1.39119e-05,39.9804,179.3,-12.084,nominal
1710000427000,S1,C1,18.4169,1.54369e-05,40.047,180.76,-11.9956,nominal
1710000427000,S2,C1,16.8073,0.000268042,40.0813,222.725,-11.9562,edfa_aging
1710000427000,S3,C1,18.4954,1.30697e-05,40.0564,179.353,-12.0036,nominal
1710000428000,S1,C1,18.5374,1.19399e-05,40.1533,179.497,-11.9717,nominal
1710000428000,S2,C1,16.7104,0.000308903,40.1026,223.921,-11.9984,edfa_aging
1710000428000,S3,C1,18.5937,1.05649e-05,40.1006,180.222,-12.0238,nominal
1710000429000,S1,C1,18.6082,1.02356e-05,39.9065,180.316,-12.0447,nominal
1710000429000,S2,C1,16.769,0.000283583,39.8773,224.733,-11.9992,edfa_aging
1710000429000,S3,C1,18.5682,1.11702e-05,39.9851,180.398,-12.0023,nominal
1710000430000,S1,C1,18.4259,1.51464e-05,40.1055,179.712,-11.9711,nominal
1710000430000,S2,C1,16.7519,0.000290784,40.0142,224.238,-12.0929,edfa_aging
1710000430000,S3,C1,18.5435,1.17828e-05,40.2427,180.515,-11.8682,nominal
1710000431000,S1,C1,18.591,1.06276e-05,39.972,180.164,-12.0789,nominal
1710000431000,S2,C1,16.6627,0.000330934,39.8802,224.157,-11.9563,edfa_aging
1710000431000,S3,C1,18.5006,1.29244e-05,39.8555,179.808,-12.0577,nominal
1710000432000,S1,C1,18.4656,1.39261e-05,39.9733,180.231,-11.9422,nominal
1710000432000,S2,C1,16.7535,0.000290106,40.0029,224.488,-12.063,edfa_aging
1710000432000,S3,C1,18.5483,1.16623e-05,40.124,180.095,-11.8899,nominal
1710000433000,S1,C1,18.4753,1.36419e-05,39.98,180.37,-12.0539,nominal
1710000433000,S2,C1,16.6466,0.000338661,39.8953,225.485,-11.8901,edfa_aging
1710000433000,S3,C1,18.52,1.2396e-05,40.0097,179.889,-11.9166,nominal
1710000434000,S1,C1,18.4911,1.31907e-05,40.1571,180.599,-12.0209,nominal
1710000434000,S2,C1,16.7096,0.00030928,40.1679,225.854,-12.0202,edfa_aging
1710000434000,S3,C1,18.4727,1.37164e-05,40.0392,179.751,-11.9937,nominal
1710000435000,S1,C1,18.4277,1.50889e-05,39.8225,179.676,-11.937,nominal
1710000435000,S2,C1,16.7396,0.000296059,39.9191,225.959,-11.9433,edfa_aging
1710000435000,S3,C1,18.4501,1.43907e-05,39.8855,179.917,-11.9246,nominal
1710000436000,S1,C1,18.565,1.12482e-05,39.9353,181.188,-11.9145,nominal
1710000436000,S2,C1,16.6196,0.000351974,39.9634,225.883,-12.0383,edfa_aging
1710000436000,S3,C1,18.5264,1.22282e-05,39.737,180.504,-11.9622,nominal
1710000437000,S1,C1,18.5246,1.22735e-05,40.0898,180.187,-12.0434,nominal
1710000437000,S2,C1,16.5975,0.00036316,39.6601,225.933,-12.1386,edfa_aging
1710000437000,S3,C1,18.5193,1.24146e-05,39.918,179.835,-12.0158,nominal
1710000438000,S1,C1,18.4624,1.40206e-05,39.8076,179.69,-12.0489,nominal
1710000438000,S2,C1,16.5855,0.000369389,39.8476,226.315,-11.9923,edfa_aging
1710000438000,S3,C1,18.5606,1.13556e-05,40.0662,180.725,-12.1418,nominal
1710000439000,S1,C1,18.4861,1.33298e-05,39.7533,179.468,-11.9216,nominal
1710000439000,S2,C1,16.7361,0.000297574,40.3661,226.514,-12.0865,edfa_aging
1710000439000,S3,C1,18.4761,1.362e-05,39.8709,179.497,-12.1043,nominal
1710000440000,S1,C1,18.4242,1.52024e-05,40.0758,180.982,-12.2244,nominal
1710000440000,S2,C1,16.5912,0.000366403,39.9358,226.576,-12.0102,edfa_aging
1710000440000,S3,C1,18.5703,1.11172e-05,39.7425,179.885,-12.0785,nominal
1710000441000,S1,C1,18.4826,1.34307e-05,39.9907,180.697,-11.8943,nominal
1710000441000,S2,C1,16.5355,0.00039625,39.7509,227.913,-12.0379,edfa_aging
1710000441000,S3,C1,18.4819,1.34498e-05,39.9702,180.226,-12.0291,nominal
1710000442000,S1,C1,18.5468,1.16997e-05,39.9684,180.019,-11.8979,nominal
1710000442000,S2,C1,16.6282,0.000347666,39.9918,228.274,-11.8401,edfa_aging
1710000442000,S3,C1,18.563,1.12956e-05,39.9921,180.223,-12.0043,nominal
1710000443000,S1,C1,18.4142,1.5524e-05,40.0118,180.338,-12.0824,nominal
1710000443000,S2,C1,16.5674,0.000378945,39.9585,228.57,-12.0236,edfa_aging
1710000443000,S3,C1,18.5275,1.2197e-05,39.8457,180.069,-11.8888,nominal
1710000444000,S1,C1,18.4782,1.35581e-05,39.8447,180.565,-11.9059,nominal
1710000444000,S2,C1,16.5633,0.0003811,39.9166,229.014,-12.0101,edfa_aging
1710000444000,S3,C1,18.4714,1.37567e-05,39.978,179.356,-11.9918,nominal
1710000445000,S1,C1,18.5073,1.27385e-05,40.4274,180.068,-11.9707,nominal
1710000445000,S2,C1,16.5039,0.000414048,39.9478,228.347,-12.0173,edfa_aging
1710000445000,S3,C1,18.4528,1.43087e-05,40.057,179.911,-11.854,nominal
1710000446000,S1,C1,18.5524,1.15586e-05,39.8429,179.856,-11.9632,nominal
1710000446000,S2,C1,16.4313,0.000457548,39.9214,228.148,-11.8701,edfa_aging
1710000446000,S3,C1,18.4942,1.31029e-05,40.0265,180.58,-11.8971,nominal
1710000447000,S1,C1,18.5675,1.11869e-05,39.9252,180.015,-12.1803,nominal
1710000447000,S2,C1,16.4949,0.000419244,40.134,229.246,-11.9894,edfa_aging
1710000447000,S3,C1,18.487,1.33057e-05,40.1324,180.28,-11.9054,nominal
1710000448000,S1,C1,18.4771,1.35885e-05,39.7773,180.373,-12.0375,nominal
1710000448000,S2,C1,16.468,0.000435102,39.8108,229.327,-12.001,edfa_aging
1710000448000,S3,C1,18.5472,1.16895e-05,40.1722,180.228,-11.9983,nominal
1710000449000,S1,C1,18.463,1.4004e-05,39.9281,180.039,-12.0142,nominal
1710000449000,S2,C1,16.4282,0.000459497,40.0251,229.261,-11.8673,edfa_aging
1710000449000,S3,C1,18.4656,1.39258e-05,39.9903,180.191,-11.9842,nominal
1710000450000,S1,C1,18.5225,1.23296e-05,40.2194,179.528,-12.0312,nominal
1710000450000,S2,C1,16.4439,0.000449786,40.1199,230.156,-11.8919,edfa_aging
1710000450000,S3,C1,18.4263,1.51351e-05,39.8748,179.983,-11.9349,nominal
1710000451000,S1,C1,18.4818,1.3453e-05,39.9933,180.339,-12.0295,nominal
1710000451000,S2,C1,16.4397,0.00045232,39.8573,230.078,-12.019,edfa_aging
1710000451000,S3,C1,18.4993,1.29613e-05,39.7349,180.005,-12.0145,nominal
1710000452000,S1,C1,18.4845,1.33768e-05,40.0797,179.325,-12.0216,nominal
1710000452000,S2,C1,16.5165,0.000406901,40.3353,230.794,-12.1291,edfa_aging
1710000452000,S3,C1,18.5963,1.05043e-05,40.1449,179.789,-11.9825,nominal
1710000453000,S1,C1,18.554,1.15186e-05,39.918,179.724,-12.2235,nominal
1710000453000,S2,C1,16.5006,0.000415977,40.0011,230.962,-11.9446,edfa_aging
1710000453000,S3,C1,18.5821,1.08358e-05,40.0468,180.562,-12.1234,nominal
1710000454000,S1,C1,18.5845,1.07797e-05,40.2625,180.537,-12.0149,nominal
1710000454000,S2,C1,16.4802,0.000427889,39.9772,230.736,-12.0027,edfa_aging
1710000454000,S3,C1,18.4691,1.38232e-05,40.1457,180.195,-11.9408,nominal
1710000455000,S1,C1,18.5133,1.25767e-05,40.0151,180.128,-12.0535,nominal
1710000455000,S2,C1,16.4168,0.000466725,39.9081,231.343,-12.0649,edfa_aging
1710000455000,S3,C1,18.4865,1.33204e-05,39.8726,180.173,-11.9575,nominal
1710000456000,S1,C1,18.4904,1.32095e-05,39.8033,180.126,-12.0062,nominal
1710000456000,S2,C1,16.3697,0.000497479,40.1115,231.404,-11.9625,edfa_aging
1710000456000,S3,C1,18.5161,1.25002e-05,40.0138,180.083,-12.0239,nominal
1710000457000,S1,C1,18.5286,1.21701e-05,40.106,180.074,-12.0382,nominal
1710000457000,S2,C1,16.4367,0.000454234,39.7508,232.018,-11.981,edfa_aging
1710000457000,S3,C1,18.467,1.38844e-05,39.8738,179.922,-11.8745,nominal
1710000458000,S1,C1,18.4056,1.58073e-05,39.9351,180.453,-11.9996,nominal
1710000458000,S2,C1,16.434,0.000455893,40.0804,232.126,-12.0916,edfa_aging
1710000458000,S3,C1,18.4879,1.32793e-05,39.8608,179.443,-11.8574,nominal
1710000459000,S1,C1,18.4991,1.29659e-05,40.0815,180.01,-11.9772,nominal
1710000459000,S2,C1,16.4504,0.000445791,40.3277,232.034,-11.9394,edfa_aging
1710000459000,S3,C1,18.4864,1.33223e-05,39.7775,180.009,-11.95,nominal
1710000460000,S1,C1,18.447,1.44879e-05,40.0114,179.233,-11.8605,nominal
1710000460000,S2,C1,16.3881,0.000485231,40.0456,232.856,-11.9692,edfa_aging
1710000460000,S3,C1,18.4477,1.44663e-05,39.9608,179.746,-12.0409,nominal
1710000461000,S1,C1,18.6195,9.98433e-06,40.03,180.131,-12.0639,nominal
1710000461000,S2,C1,16.3723,0.000495706,40.1215,232.863,-11.887,edfa_aging
1710000461000,S3,C1,18.4693,1.38187e-05,40.066,179.794,-11.9487,nominal
1710000462000,S1,C1,18.536,1.19761e-05,40.011,178.777,-11.8673,nominal
1710000462000,S2,C1,16.3835,0.000488244,39.8568,233.157,-12.012,edfa_aging
1710000462000,S3,C1,18.4759,1.36236e-05,40.1107,180.095,-11.9642,nominal
1710000463000,S1,C1,18.5071,1.27459e-05,39.8547,179.191,-12.0184,nominal
1710000463000,S2,C1,16.3111,0.000538073,40.1153,233.533,-11.8815,edfa_aging
1710000463000,S3,C1,18.5119,1.26139e-05,40.0303,180.539,-11.9148,nominal
1710000464000,S1,C1,18.4903,1.32125e-05,39.7652,180.678,-12.0695,nominal
1710000464000,S2,C1,16.3066,0.000541303,39.8804,234.636,-11.9969,edfa_aging
1710000464000,S3,C1,18.441,1.46718e-05,39.9526,179.608,-12.02,nominal
1710000465000,S1,C1,18.3743,1.68791e-05,40.1368,180.455,-12.1129,nominal
1710000465000,S2,C1,16.3683,0.000498384,39.931,234.173,-12.0078,edfa_aging
1710000465000,S3,C1,18.5054,1.27908e-05,40.2953,180.02,-11.9434,nominal
1710000466000,S1,C1,18.5356,1.19856e-05,39.9701,179.84,-11.9319,nominal
1710000466000,S2,C1,16.2627,0.000573694,39.9989,234.205,-11.9832,edfa_aging
1710000466000,S3,C1,18.4511,1.43632e-05,40.2253,180.653,-11.931,nominal
1710000467000,S1,C1,18.5815,1.0851e-05,40.0333,179.999,-12.1183,nominal
1710000467000,S2,C1,16.3111,0.000538043,40.2885,234.293,-11.947,edfa_aging
1710000467000,S3,C1,18.4597,1.41019e-05,40.1468,179.523,-11.9465,nominal
1710000468000,S1,C1,18.4636,1.3987e-05,39.9209,180.065,-11.9282,nominal
1710000468000,S2,C1,16.3437,0.000515121,39.9106,234.152,-12.0688,edfa_aging
1710000468000,S3,C1,18.4439,1.45809e-05,40.0171,180.227,-11.9548,nominal
1710000469000,S1,C1,18.5342,1.20237e-05,39.687,180.439,-11.9725,nominal
1710000469000,S2,C1,16.306,0.000541735,39.7056,235.067,-11.8908,edfa_aging
1710000469000,S3,C1,18.7008,8.33644e-06,40.1845,179.84,-11.9879,nominal
1710000470000,S1,C1,18.5361,1.19731e-05,39.7989,179.713,-12.0441,nominal
1710000470000,S2,C1,16.3052,0.000542273,40.0199,235.342,-11.9669,edfa_aging
1710000470000,S3,C1,18.563,1.12961e-05,39.8813,180.312,-12.0274,nominal
1710000471000,S1,C1,18.4226,1.52533e-05,40.1997,179.669,-12.0519,nominal
1710000471000,S2,C1,16.2179,0.000608389,40.1188,235.379,-11.9156,edfa_aging
1710000471000,S3,C1,18.5674,1.11882e-05,39.8045,180.647,-12.0778,nominal
1710000472000,S1,C1,18.5468,1.17003e-05,39.8726,179.772,-11.9617,nominal
1710000472000,S2,C1,16.2567,0.000578186,40.1018,236.152,-11.9757,edfa_aging
1710000472000,S3,C1,18.5408,1.18525e-05,40.0884,179.99,-12.163,nominal
1710000473000,S1,C1,18.5677,1.11803e-05,39.933,180.085,-11.9876,nominal
1710000473000,S2,C1,16.2391,0.000591742,40.0369,236.282,-11.953,edfa_aging
1710000473000,S3,C1,18.4884,1.3266e-05,40.0203,180.41,-12.158,nominal
1710000474000,S1,C1,18.5114,1.26273e-05,39.7702,180.137,-11.9416,nominal
1710000474000,S2,C1,16.2725,0.000566321,40.2109,236.648,-11.9708,edfa_aging
1710000474000,S3,C1,18.5035,1.28429e-05,40.1515,180.145,-12.0543,nominal
1710000475000,S1,C1,18.4968,1.30284e-05,39.9112,179.868,-11.9999,nominal
1710000475000,S2,C1,16.253,0.00058101,40.1382,236.542,-12.1018,edfa_aging
1710000475000,S3,C1,18.5146,1.2541e-05,39.8775,180.78,-12.0351,nominal
1710000476000,S1,C1,18.5394,1.18887e-05,39.9344,180.339,-12.0399,nominal
1710000476000,S2,C1,16.2233,0.000604061,40.1318,237.5,-12.1172,edfa_aging
1710000476000,S3,C1,18.5225,1.23295e-05,40.0387,178.664,-11.8934,nominal
1710000477000,S1,C1,18.423,1.52415e-05,39.957,179.61,-11.9577,nominal
1710000477000,S2,C1,16.3067,0.000541196,39.9409,237.394,-12.0243,edfa_aging
1710000477000,S3,C1,18.5299,1.21353e-05,39.8395,179.662,-11.9493,nominal
1710000478000,S1,C1,18.5047,1.28118e-05,39.9791,179.997,-12.0936,nominal
1710000478000,S2,C1,16.2287,0.000599821,39.7842,237.169,-11.832,edfa_aging
1710000478000,S3,C1,18.5765,1.09695e-05,39.9436,179.977,-12.0568,nominal
1710000479000,S1,C1,18.5527,1.15509e-05,39.8954,179.745,-11.9335,nominal
1710000479000,S2,C1,16.1771,0.000641477,40.2507,237.681,-12.082,edfa_aging
1710000479000,S3,C1,18.3521,1.76732e-05,40.0645,180.064,-12.0312,nominal
1710000480000,S1,C1,18.4379,1.47693e-05,39.9039,179.617,-11.9956,nominal
1710000480000,S2,C1,16.1506,0.000663721,39.8747,238.333,-11.957,edfa_aging
1710000480000,S3,C1,18.4724,1.37268e-05,39.985,180.688,-12.0521,nominal
1710000481000,S1,C1,18.5496,1.16285e-05,39.988,180.53,-12.0874,nominal
1710000481000,S2,C1,16.1694,0.000647892,40.2014,237.94,-11.9048,edfa_aging
1710000481000,S3,C1,18.534,1.20279e-05,39.8544,180.474,-12.0596,nominal
1710000482000,S1,C1,18.4791,1.35321e-05,40.0384,179.898,-12.0796,nominal
1710000482000,S2,C1,16.1326,0.000679301,40.1854,238.952,-12.0273,edfa_aging
1710000482000,S3,C1,18.4822,1.34418e-05,39.7781,179.875,-11.8395,nominal
1710000483000,S1,C1,18.396,1.61309e-05,39.9687,179.617,-12.0253,nominal
1710000483000,S2,C1,16.2329,0.000596583,39.8305,238.534,-11.9459,edfa_aging
1710000483000,S3,C1,18.4923,1.31558e-05,39.9372,179.452,-12.0573,nominal
1710000484000,S1,C1,18.4947,1.30879e-05,40.2513,180.045,-12.1425,nominal
1710000484000,S2,C1,16.1694,0.000647837,39.91,238.233,-11.9807,edfa_aging
1710000484000,S3,C1,18.5747,1.10126e-05,39.8572,180.488,-11.9653,nominal
1710000485000,S1,C1,18.4514,1.43525e-05,40.0207,179.619,-11.8907,nominal
1710000485000,S2,C1,16.1155,0.000694281,40.0718,239.49,-11.8041,edfa_aging
1710000485000,S3,C1,18.5097,1.2674e-05,39.7795,180.132,-12.0197,nominal
1710000486000,S1,C1,18.516,1.25047e-05,40.014,180.272,-11.9241,nominal
1710000486000,S2,C1,16.0882,0.000718778,40.1554,239.255,-11.9089,edfa_aging
1710000486000,S3,C1,18.5893,1.06681e-05,40.0079,179.918,-12.0907,nominal
1710000487000,S1,C1,18.4414,1.466e-05,39.8914,180.376,-12.0857,nominal
1710000487000,S2,C1,16.0574,0.000747391,39.8636,239.723,-12.103,edfa_aging
1710000487000,S3,C1,18.4979,1.29981e-05,39.8589,180.368,-12.0131,nominal
1710000488000,S1,C1,18.5525,1.1556e-05,40.1438,180.448,-12.0088,nominal
1710000488000,S2,C1,16.0873,0.000719662,39.9643,239.898,-12.0099,edfa_aging
1710000488000,S3,C1,18.512,1.26123e-05,40.1853,180.739,-12.1272,nominal
1710000489000,S1,C1,18.4631,1.40018e-05,39.8362,179.596,-11.8669,nominal
1710000489000,S2,C1,16.1567,0.000658592,39.8524,240.63,-12.0994,edfa_aging
1710000489000,S3,C1,18.4468,1.44941e-05,40.305,180.167,-12.0147,nominal
1710000490000,S1,C1,18.5178,1.24549e-05,39.747,179.969,-11.9683,nominal
1710000490000,S2,C1,16.1232,0.000687455,39.824,240.453,-12.0174,edfa_aging
1710000490000,S3,C1,18.4007,1.59708e-05,40.1623,180.595,-11.9316,nominal
1710000491000,S1,C1,18.4703,1.37878e-05,39.8434,180.783,-12.0797,nominal
1710000491000,S2,C1,16.0686,0.000736907,40.022,241.046,-12.0635,edfa_aging
1710000491000,S3,C1,18.4792,1.35299e-05,40.4128,179.312,-12.0814,nominal
1710000492000,S1,C1,18.4839,1.33952e-05,40.0825,179.941,-12.1693,nominal
1710000492000,S2,C1,16.0685,0.000736987,39.9352,240.608,-12.0753,edfa_aging
1710000492000,S3,C1,18.5032,1.28528e-05,39.8133,180.373,-11.9152,nominal
1710000493000,S1,C1,18.5596,1.13801e-05,39.8179,180.547,-12.1288,nominal
1710000493000,S2,C1,15.9584,0.000845549,39.6998,241.223,-11.8784,edfa_aging
1710000493000,S3,C1,18.4828,1.34252e-05,39.7388,180.966,-12.0572,nominal
1710000494000,S1,C1,18.5108,1.26452e-05,40.1836,180.654,-11.9063,nominal
1710000494000,S2,C1,16.0798,0.000726486,40.0679,241.208,-11.9629,edfa_aging
1710000494000,S3,C1,18.4327,1.49329e-05,39.9741,180.518,-12.0421,nominal
1710000495000,S1,C1,18.4802,1.34987e-05,39.9861,179.465,-11.9751,nominal
1710000495000,S2,C1,16.021,0.000782316,39.9476,241.684,-11.9556,edfa_aging
1710000495000,S3,C1,18.5329,1.20561e-05,39.7321,179.796,-12.0085,nominal
1710000496000,S1,C1,18.4374,1.47835e-05,39.7621,180.525,-12.103,nominal
1710000496000,S2,C1,16.091,0.000716259,39.9458,242.791,-11.9042,edfa_aging
1710000496000,S3,C1,18.5036,1.28399e-05,40.017,179.584,-11.9074,nominal
1710000497000,S1,C1,18.558,1.14194e-05,39.9551,180.338,-11.9443,nominal
1710000497000,S2,C1,16.0036,0.000799521,39.8041,241.869,-11.8874,edfa_aging
1710000497000,S3,C1,18.5005,1.29254e-05,40.1274,180.183,-12.0721,nominal
1710000498000,S1,C1,18.5366,1.19598e-05,40.2569,180.388,-12.0286,nominal
1710000498000,S2,C1,15.9786,0.000824746,40.1143,242.571,-11.969,edfa_aging
1710000498000,S3,C1,18.4611,1.40588e-05,40.1123,179.693,-11.9656,nominal
1710000499000,S1,C1,18.4837,1.34004e-05,39.8604,180.721,-12.0526,nominal
1710000499000,S2,C1,16.0038,0.000799247,40.0514,242.524,-12.1465,edfa_aging
1710000499000,S3,C1,18.5825,1.08262e-05,40.1414,179.823,-12.0811,nominal
1710000500000,S1,C1,18.5122,1.26072e-05,39.7929,180.218,-12.0411,nominal
1710000500000,S2,C1,15.9516,0.000852698,40.0507,243.072,-11.9083,edfa_aging
1710000500000,S3,C1,18.574,1.10301e-05,39.9648,179.333,-11.9383,nominal
1710000501000,S1,C1,18.4485,1.44404e-05,40.0662,180.062,-12.0366,nominal
1710000501000,S2,C1,16.041,0.000762992,39.9951,242.813,-11.9607,edfa_aging
1710000501000,S3,C1,18.5155,1.25181e-05,39.9857,179.631,-11.8252,nominal
1710000502000,S1,C1,18.4493,1.44179e-05,40.1853,180.28,-11.8682,nominal
1710000502000,S2,C1,15.9786,0.000824748,40.059,243.169,-12.1537,edfa_aging
1710000502000,S3,C1,18.4943,1.31003e-05,40.0324,180.25,-12.1454,nominal
1710000503000,S1,C1,18.4587,1.41323e-05,40.1417,179.889,-12.0746,nominal
1710000503000,S2,C1,15.973,0.000830399,40.2455,242.946,-12.0319,edfa_aging
1710000503000,S3,C1,18.5127,1.25925e-05,39.9872,179.718,-12.024,nominal
1710000504000,S1,C1,18.5177,1.24589e-05,39.94,180.233,-12.0317,nominal
1710000504000,S2,C1,15.9618,0.000841974,40.0324,244.353,-12.0878,edfa_aging
1710000504000,S3,C1,18.5849,1.07702e-05,40.1348,179.689,-12.0547,nominal
1710000505000,S1,C1,18.5148,1.25362e-05,40.0174,179.207,-11.8947,nominal
1710000505000,S2,C1,15.918,0.000888612,40.0407,244.126,-12.0977,edfa_aging
1710000505000,S3,C1,18.6406,9.53009e-06,39.9351,179.489,-12.0459,nominal
1710000506000,S1,C1,18.4627,1.40115e-05,40.038,180.738,-11.8812,nominal
1710000506000,S2,C1,15.9502,0.000854166,39.9366,244.445,-11.9297,edfa_aging
1710000506000,S3,C1,18.5007,1.29222e-05,39.9893,179.958,-12.1407,nominal
1710000507000,S1,C1,18.5369,1.19534e-05,40.1654,179.813,-12.0774,nominal
1710000507000,S2,C1,15.9254,0.000880607,40.1049,244.066,-12.0601,edfa_aging
1710000507000,S3,C1,18.4787,1.3543e-05,39.892,180.155,-12.001,nominal
1710000508000,S1,C1,18.5392,1.18929e-05,40.3116,180.251,-11.8368,nominal
1710000508000,S2,C1,15.995,0.000808077,39.9689,245.409,-12.0195,edfa_aging
1710000508000,S3,C1,18.4094,1.56818e-05,40.1394,180.055,-12.0714,nominal
1710000509000,S1,C1,18.5086,1.27028e-05,39.9731,180.158,-11.9129,nominal
1710000509000,S2,C1,15.9008,0.000907393,39.8954,245.493,-12.0638,edfa_aging
1710000509000,S3,C1,18.64,9.54331e-06,40.0141,178.881,-12.0518,nominal
1710000510000,S1,C1,18.5519,1.15709e-05,40.1842,180.073,-12.1173,nominal
1710000510000,S2,C1,15.9071,0.000900461,40.177,245.15,-11.9135,edfa_aging
1710000510000,S3,C1,18.4448,1.45541e-05,40.0156,180.011,-11.973,nominal
1710000511000,S1,C1,18.4856,1.33444e-05,39.9377,180.076,-11.8571,nominal
1710000511000,S2,C1,15.8563,0.000957797,39.9801,245.64,-12.1239,edfa_aging
1710000511000,S3,C1,18.5437,1.17783e-05,39.9229,179.632,-12.0314,nominal
1710000512000,S1,C1,18.4943,1.30981e-05,40.0776,180.056,-12.1168,nominal
1710000512000,S2,C1,15.8512,0.000963643,39.8736,245.661,-12.019,edfa_aging
1710000512000,S3,C1,18.5251,1.22617e-05,39.7303,179.966,-12.0563,nominal
1710000513000,S1,C1,18.5236,1.22998e-05,39.8493,179.36,-11.9461,nominal
1710000513000,S2,C1,15.8454,0.000970493,39.898,246.374,-11.9364,edfa_aging
1710000513000,S3,C1,18.5668,1.12032e-05,39.9277,179.568,-11.8553,nominal
1710000514000,S1,C1,18.4983,1.29878e-05,39.8747,179.806,-12.091,nominal
1710000514000,S2,C1,15.9162,0.000890544,39.9258,245.375,-12.0128,edfa_aging
1710000514000,S3,C1,18.457,1.41827e-05,39.6714,180.458,-11.9894,nominal
1710000515000,S1,C1,18.5397,1.18811e-05,40.0515,180.518,-12.1408,nominal
1710000515000,S2,C1,15.8465,0.000969109,39.8417,246.546,-12.0763,edfa_aging
1710000515000,S3,C1,18.419,1.53694e-05,39.9851,180.767,-12.0248,nominal
1710000516000,S1,C1,18.4374,1.47853e-05,39.8547,179.612,-11.9325,nominal
1710000516000,S2,C1,15.882,0.000928454,40.2241,246.807,-12.1364,edfa_aging
1710000516000,S3,C1,18.5075,1.27335e-05,39.8107,180.373,-12.0043,nominal
1710000517000,S1,C1,18.5713,1.10943e-05,40.1223,179.598,-11.9665,nominal
1710000517000,S2,C1,15.8112,0.00101112,40.0946,247.274,-11.9138,edfa_aging
1710000517000,S3,C1,18.5206,1.23796e-05,40.1853,180.705,-12.0012,nominal
1710000518000,S1,C1,18.4609,1.40651e-05,39.9067,180.894,-12.0064,nominal
1710000518000,S2,C1,15.7969,0.00102849,39.7991,246.768,-11.9591,edfa_aging
1710000518000,S3,C1,18.5576,1.14301e-05,39.8994,180.105,-12.0156,nominal
1710000519000,S1,C1,18.4918,1.31707e-05,40.0009,180.523,-11.9847,nominal
1710000519000,S2,C1,15.7097,0.00114009,40.1829,247.109,-11.979,edfa_aging
1710000519000,S3,C1,18.4158,1.54744e-05,39.9847,179.9,-11.9592,nominal
1710000520000,S1,C1,18.4311,1.49815e-05,39.9767,180.668,-12.008,nominal
1710000520000,S2,C1,15.8383,0.000978825,39.9494,247.216,-12.0099,edfa_aging
1710000520000,S3,C1,18.4774,1.35819e-05,39.921,179.196,-12.0726,nominal
1710000521000,S1,C1,18.53,1.21321e-05,39.9392,180.024,-12.0204,nominal
1710000521000,S2,C1,15.8907,0.000918647,40.0447,248.236,-11.9433,edfa_aging
1710000521000,S3,C1,18.4869,1.33081e-05,39.8241,179.752,-11.8935,nominal
1710000522000,S1,C1,18.5637,1.12791e-05,40.0089,180.139,-12.0846,nominal
1710000522000,S2,C1,15.7672,0.00106549,39.9472,248.267,-11.9612,edfa_aging
1710000522000,S3,C1,18.4324,1.49422e-05,39.7643,179.832,-11.9934,nominal
1710000523000,S1,C1,18.5536,1.153e-05,40.1511,180.34,-11.9536,nominal
1710000523000,S2,C1,15.8412,0.000975324,40.0684,248.755,-12.1282,edfa_aging
1710000523000,S3,C1,18.4919,1.31659e-05,39.6185,180.633,-11.9099,nominal
1710000524000,S1,C1,18.5417,1.18305e-05,40.455,180.258,-11.9981,nominal
1710000524000,S2,C1,15.8029,0.00102115,40.0631,248.888,-12.0123,edfa_aging
1710000524000,S3,C1,18.5401,1.18705e-05,39.897,179.628,-12.0253,nominal
1710000525000,S1,C1,18.4221,1.52678e-05,39.8112,179.993,-12.0192,nominal
1710000525000,S2,C1,15.7171,0.0011302,40.1201,249.058,-11.9277,edfa_aging
1710000525000,S3,C1,18.4984,1.29852e-05,39.6903,180.04,-11.8595,nominal
1710000526000,S1,C1,18.4609,1.40664e-05,40.0343,179.43,-12.0449,nominal
1710000526000,S2,C1,15.7805,0.00104879,40.1298,248.575,-11.8943,edfa_aging
1710000526000,S3,C1,18.4281,1.50776e-05,40.1615,180.266,-11.9551,nominal
1710000527000,S1,C1,18.4769,1.35962e-05,39.9629,179.728,-12.0222,nominal
1710000527000,S2,C1,15.6884,0.00116875,39.6156,249.18,-12.1988,edfa_aging
1710000527000,S3,C1,18.5174,1.24651e-05,39.8004,180.034,-11.9878,nominal
1710000528000,S1,C1,18.4533,1.4296e-05,39.8523,179.411,-12.1202,nominal
1710000528000,S2,C1,15.7092,0.00114066,39.9257,250.012,-11.9526,edfa_aging
1710000528000,S3,C1,18.5431,1.17949e-05,39.903,180.005,-11.8649,nominal
1710000529000,S1,C1,18.5561,1.14657e-05,40.0322,180.669,-12.0244,nominal
1710000529000,S2,C1,15.7763,0.00105408,39.9955,249.854,-11.8783,edfa_aging
1710000529000,S3,C1,18.5269,1.22125e-05,39.9892,180.432,-11.9865,nominal
1710000530000,S1,C1,18.5092,1.26871e-05,39.8575,179.862,-12.078,nominal
1710000530000,S2,C1,15.7142,0.00113401,39.9669,249.565,-11.9689,edfa_aging
1710000530000,S3,C1,18.5396,1.18829e-05,39.9704,179.666,-11.929,nominal
1710000531000,S1,C1,18.4988,1.29745e-05,39.9775,179.951,-11.898,nominal
1710000531000,S2,C1,15.6387,0.00123802,39.7771,249.843,-11.8851,edfa_aging
1710000531000,S3,C1,18.4174,1.54208e-05,40.1675,180.023,-12.0183,nominal
1710000532000,S1,C1,18.5244,1.22804e-05,40.1752,180.14,-12.0754,nominal
1710000532000,S2,C1,15.759,0.00107584,39.9385,250.226,-12.0265,edfa_aging
1710000532000,S3,C1,18.5232,1.2312e-05,39.9832,180.104,-11.7664,nominal
1710000533000,S1,C1,18.4524,1.43216e-05,39.6861,180.031,-12.0356,nominal
1710000533000,S2,C1,15.6245,0.00125847,39.9655,250.531,-11.9891,edfa_aging
1710000533000,S3,C1,18.5302,1.21283e-05,39.9205,180.652,-11.9933,nominal
1710000534000,S1,C1,18.4546,1.42561e-05,40.0264,180.239,-11.9986,nominal
1710000534000,S2,C1,15.6624,0.00120458,39.6839,250.897,-12.0274,edfa_aging
1710000534000,S3,C1,18.4813,1.34681e-05,39.9757,180.561,-12.0307,nominal
1710000535000,S1,C1,18.4559,1.42155e-05,40.0563,179.768,-11.9368,nominal
1710000535000,S2,C1,15.6443,0.00123009,39.8605,251.08,-12.041,edfa_aging
1710000535000,S3,C1,18.4974,1.30134e-05,40.2228,180.24,-11.9707,nominal
1710000536000,S1,C1,18.5249,1.2267e-05,39.8457,179.4,-11.9633,nominal
1710000536000,S2,C1,15.6446,0.0012296,40.0997,251.477,-11.9478,edfa_aging
1710000536000,S3,C1,18.4615,1.40483e-05,40.1099,180.355,-11.9088,nominal
1710000537000,S1,C1,18.5171,1.24747e-05,40.0678,180.736,-11.9987,nominal
1710000537000,S2,C1,15.6013,0.00129235,39.876,251.934,-12.0166,edfa_aging
1710000537000,S3,C1,18.5619,1.13219e-05,39.7015,179.174,-12.0595,nominal
1710000538000,S1,C1,18.5289,1.21611e-05,40.042,179.73,-11.8285,nominal
1710000538000,S2,C1,15.5533,0.0013649,39.9609,251.992,-11.9271,edfa_aging
1710000538000,S3,C1,18.4852,1.33569e-05,39.9648,180.132,-11.9133,nominal
1710000539000,S1,C1,18.5539,1.15209e-05,39.9369,179.826,-12.0012,nominal
1710000539000,S2,C1,15.7189,0.00112786,39.9875,251.561,-11.96,edfa_aging
1710000539000,S3,C1,18.4529,1.43075e-05,39.8579,179.8,-12.0264,nominal
1710000540000,S1,C1,18.4321,1.49495e-05,40.1711,179.695,-11.9743,nominal
1710000540000,S2,C1,15.5701,0.00133915,40.0636,252.99,-12.0923,edfa_aging
1710000540000,S3,C1,18.5095,1.26804e-05,39.9969,179.4,-12.0466,nominal
1710000541000,S1,C1,18.472,1.37388e-05,39.7932,179.796,-11.7831,nominal
1710000541000,S2,C1,15.5644,0.00134786,40.0982,252.321,-11.9307,edfa_aging
1710000541000,S3,C1,18.5057,1.27828e-05,40.088,180.273,-12.0702,nominal
1710000542000,S1,C1,18.5074,1.27375e-05,40.0857,180.027,-12.0705,nominal
1710000542000,S2,C1,15.4779,0.0014854,40.1477,252.363,-12.1962,edfa_aging
1710000542000,S3,C1,18.5336,1.20387e-05,39.9955,179.845,-11.8863,nominal
1710000543000,S1,C1,18.4326,1.4936e-05,39.9542,180.323,-11.9235,nominal
1710000543000,S2,C1,15.5955,0.00130091,40.0075,253.277,-12.0383,edfa_aging
1710000543000,S3,C1,18.4584,1.41415e-05,40.0844,179.732,-12.1015,nominal
1710000544000,S1,C1,18.4734,1.36974e-05,39.8308,179.589,-11.9647,nominal
1710000544000,S2,C1,15.6468,0.00122654,40.0211,253.611,-12.0609,edfa_aging
1710000544000,S3,C1,18.4663,1.39064e-05,40.2458,179.311,-12.0599,nominal
1710000545000,S1,C1,18.5507,1.16015e-05,39.9626,180.135,-12.1044,nominal
1710000545000,S2,C1,15.6436,0.00123101,39.9709,253.474,-12.0959,edfa_aging
1710000545000,S3,C1,18.5193,1.24143e-05,39.7342,180.069,-12.0561,nominal
1710000546000,S1,C1,18.5551,1.14906e-05,39.9369,179.742,-12.0493,nominal
1710000546000,S2,C1,15.7032,0.00114873,40.0227,254.013,-11.9906,edfa_aging
1710000546000,S3,C1,18.612,1.01486e-05,39.9883,180.493,-12.0125,nominal
1710000547000,S1,C1,18.5538,1.1523e-05,40.1121,180.506,-11.9337,nominal
1710000547000,S2,C1,15.6314,0.00124851,39.9759,253.655,-11.8996,edfa_aging
1710000547000,S3,C1,18.5235,1.2303e-05,40.0032,180.066,-11.9818,nominal
1710000548000,S1,C1,18.5022,1.2881e-05,39.765,179.515,-12.115,nominal
1710000548000,S2,C1,15.5683,0.00134178,40.1068,253.881,-11.9442,edfa_aging
1710000548000,S3,C1,18.4319,1.49555e-05,40.062,180.294,-12.0562,nominal
1710000549000,S1,C1,18.4894,1.32374e-05,39.9601,180.056,-12.0146,nominal
1710000549000,S2,C1,15.5407,0.00138439,40.1005,253.724,-11.9821,edfa_aging
1710000549000,S3,C1,18.5086,1.2704e-05,40.0095,180.397,-12.0583,nominal
1710000550000,S1,C1,18.554,1.15195e-05,39.9209,180.305,-11.9259,nominal
1710000550000,S2,C1,15.6026,0.00129046,39.7872,254.776,-12.1074,edfa_aging
1710000550000,S3,C1,18.4612,1.40581e-05,40.1329,179.993,-12.1903,nominal
1710000551000,S1,C1,18.4814,1.34665e-05,40.2252,179.462,-12.0188,nominal
1710000551000,S2,C1,15.5206,0.00141608,39.6528,254.664,-11.9641,edfa_aging
1710000551000,S3,C1,18.4075,1.57458e-05,39.9926,179.848,-11.9085,nominal
1710000552000,S1,C1,18.5169,1.24792e-05,39.8215,180.059,-11.9787,nominal
1710000552000,S2,C1,15.5238,0.00141105,40.0597,255.45,-12.0505,edfa_aging
1710000552000,S3,C1,18.4659,1.39178e-05,40.0607,179.753,-11.9711,nominal
1710000553000,S1,C1,18.5663,1.12162e-05,40.148,180.073,-12.053,nominal
1710000553000,S2,C1,15.4575,0.00151944,39.9153,254.897,-12.0502,edfa_aging
1710000553000,S3,C1,18.4714,1.37571e-05,39.7642,179.879,-11.9213,nominal
1710000554000,S1,C1,18.4816,1.34592e-05,39.7257,179.689,-12.0495,nominal
1710000554000,S2,C1,15.5019,0.00144613,39.761,255.677,-11.9805,edfa_aging
1710000554000,S3,C1,18.5211,1.23676e-05,40.0249,179.778,-11.9639,nominal
1710000555000,S1,C1,18.4695,1.38122e-05,40.0406,179.925,-12.0487,nominal
1710000555000,S2,C1,15.587,0.00131354,40.1377,255.492,-12.0667,edfa_aging
1710000555000,S3,C1,18.5663,1.12164e-05,39.8155,180.024,-12.1301,nominal
1710000556000,S1,C1,18.4995,1.29535e-05,39.9685,180.415,-12.0278,nominal
1710000556000,S2,C1,15.4764,0.00148791,40.2209,256.327,-12.0654,edfa_aging
1710000556000,S3,C1,18.5571,1.14405e-05,40.0824,179.803,-11.9302,nominal
1710000557000,S1,C1,18.5299,1.21345e-05,40.0455,180.112,-11.9498,nominal
1710000557000,S2,C1,15.4914,0.00146319,39.8218,255.886,-11.9781,edfa_aging
1710000557000,S3,C1,18.5407,1.18563e-05,40.2592,180.436,-11.8795,nominal
1710000558000,S1,C1,18.5241,1.22871e-05,39.8833,179.844,-11.9939,nominal
1710000558000,S2,C1,15.3429,0.00172261,39.8508,256.645,-12.0538,edfa_aging
1710000558000,S3,C1,18.4785,1.35488e-05,39.9881,179.646,-12.1242,nominal
1710000559000,S1,C1,18.5078,1.27261e-05,39.6959,179.927,-11.8435,nominal
1710000559000,S2,C1,15.5219,0.00141403,39.8907,255.906,-11.9376,edfa_aging
1710000559000,S3,C1,18.508,1.27209e-05,40.0616,180.637,-11.915,nominal
1710000560000,S1,C1,18.5278,1.21896e-05,39.7567,180.193,-11.9562,nominal
1710000560000,S2,C1,15.4649,0.00150703,39.8722,256.349,-12.1115,edfa_aging
1710000560000,S3,C1,18.4982,1.29915e-05,40.1083,179.812,-12.0603,nominal
1710000561000,S1,C1,18.42,1.53362e-05,40.1852,180.525,-11.9779,nominal
1710000561000,S2,C1,15.5083,0.00143583,39.9739,256.515,-11.943,edfa_aging
1710000561000,S3,C1,18.5707,1.11088e-05,40.2034,179.81,-12.0433,nominal
1710000562000,S1,C1,18.457,1.4182e-05,40.0201,180.333,-11.8216,nominal
1710000562000,S2,C1,15.4414,0.00154674,39.8223,257.339,-11.9516,edfa_aging
1710000562000,S3,C1,18.4675,1.387e-05,40.1153,180.264,-12.1033,nominal
1710000563000,S1,C1,18.5082,1.27161e-05,39.8584,180.306,-12.0087,nominal
1710000563000,S2,C1,15.3783,0.0016577,39.9886,256.32,-11.9909,edfa_aging
1710000563000,S3,C1,18.4726,1.37197e-05,40.1827,179.705,-12.0751,nominal
1710000564000,S1,C1,18.4536,1.42868e-05,40.1229,180.644,-12.064,nominal
1710000564000,S2,C1,15.3444,0.00171997,39.9308,256.89,-12.0835,edfa_aging
1710000564000,S3,C1,18.5751,1.10033e-05,39.9202,179.246,-11.9975,nominal
1710000565000,S1,C1,18.4329,1.49249e-05,39.876,179.384,-11.9878,nominal
1710000565000,S2,C1,15.429,0.00156815,40.1486,257.634,-11.9354,edfa_aging
1710000565000,S3,C1,18.5291,1.21567e-05,39.9885,180.328,-11.9582,nominal
1710000566000,S1,C1,18.4396,1.47154e-05,39.8768,179.428,-12.0865,nominal
1710000566000,S2,C1,15.3941,0.00162943,39.9754,257.733,-12.0594,edfa_aging
1710000566000,S3,C1,18.4777,1.35725e-05,39.7823,180.566,-11.96,nominal
1710000567000,S1,C1,18.4541,1.42709e-05,39.8056,179.089,-11.959,nominal
1710000567000,S2,C1,15.3382,0.00173147,40.1248,257.941,-11.9131,edfa_aging
1710000567000,S3,C1,18.5084,1.27082e-05,40.33,179.225,-11.9527,nominal
1710000568000,S1,C1,18.4911,1.31901e-05,40.164,180.346,-11.8916,nominal
1710000568000,S2,C1,15.3751,0.00166351,40.2166,258.327,-11.96,edfa_aging
1710000568000,S3,C1,18.5077,1.2729e-05,39.8241,180.204,-12.0304,nominal
1710000569000,S1,C1,18.4489,1.44298e-05,40.2817,179.082,-11.9493,nominal
1710000569000,S2,C1,15.3382,0.00173152,40.0694,258.275,-12.0829,edfa_aging
1710000569000,S3,C1,18.5097,1.26751e-05,40.1373,179.772,-11.9598,nominal
1710000570000,S1,C1,18.5117,1.26186e-05,39.8426,179.99,-12.0324,nominal
1710000570000,S2,C1,15.3973,0.00162371,40.0887,258.825,-11.9686,edfa_aging
1710000570000,S3,C1,18.5403,1.18658e-05,40.025,179.907,-11.947,nominal
1710000571000,S1,C1,18.5848,1.07721e-05,40.0305,180.312,-12.0115,nominal
1710000571000,S2,C1,15.3324,0.0017423,39.9172,259.273,-11.9448,edfa_aging
1710000571000,S3,C1,18.5186,1.24343e-05,40.0187,180.622,-11.9197,nominal
1710000572000,S1,C1,18.4926,1.31466e-05,40.1336,179.442,-11.9616,nominal
1710000572000,S2,C1,15.2834,0.00183657,39.992,258.608,-11.9472,edfa_aging
1710000572000,S3,C1,18.491,1.31916e-05,39.8262,179.452,-11.9597,nominal
1710000573000,S1,C1,18.5637,1.1278e-05,40.3042,179.739,-11.9063,nominal
1710000573000,S2,C1,15.3317,0.00174363,40.3348,259.664,-11.9938,edfa_aging
1710000573000,S3,C1,18.4749,1.36541e-05,39.9953,179.787,-11.8758,nominal
1710000574000,S1,C1,18.5144,1.25462e-05,39.627,179.9,-12.0317,nominal
1710000574000,S2,C1,15.2997,0.00180475,40.1977,259.069,-11.9887,edfa_aging
1710000574000,S3,C1,18.4137,1.55402e-05,40.014,180.494,-11.9985,nominal
1710000575000,S1,C1,18.444,1.45791e-05,40.0078,180.3,-12.0329,nominal
1710000575000,S2,C1,15.393,0.0016313,39.9966,259.057,-11.8477,edfa_aging
1710000575000,S3,C1,18.4784,1.35531e-05,40.0626,180.09,-12.1801,nominal
1710000576000,S1,C1,18.4872,1.33004e-05,40.0833,179.392,-11.9136,nominal
1710000576000,S2,C1,15.2877,0.00182801,39.9306,259.733,-11.9674,edfa_aging
1710000576000,S3,C1,18.5576,1.14304e-05,39.9511,180.177,-11.9443,nominal
1710000577000,S1,C1,18.4509,1.43676e-05,39.7645,180.134,-11.9825,nominal
1710000577000,S2,C1,15.2368,0.00192984,39.9673,259.916,-11.9334,edfa_aging
1710000577000,S3,C1,18.5116,1.26222e-05,40.0375,179.73,-11.9626,nominal
1710000578000,S1,C1,18.5384,1.19145e-05,40.0475,180.286,-11.9725,nominal
1710000578000,S2,C1,15.2914,0.00182084,40.1549,260.263,-11.9783,edfa_aging
1710000578000,S3,C1,18.4676,1.38686e-05,39.8585,179.675,-11.9264,nominal
1710000579000,S1,C1,18.4423,1.46305e-05,40.0158,180.062,-11.9615,nominal
1710000579000,S2,C1,15.2732,0.00185669,39.6805,259.906,-12.1128,edfa_aging
1710000579000,S3,C1,18.4881,1.32749e-05,40.182,179.686,-12.0877,nominal
1710000580000,S1,C1,18.5661,1.12195e-05,40.0946,180.068,-12.0613,nominal
1710000580000,S2,C1,15.2911,0.00182148,40.0276,260.507,-11.9464,edfa_aging
1710000580000,S3,C1,18.4573,1.41727e-05,39.9048,180.082,-11.9244,nominal
1710000581000,S1,C1,18.5289,1.2161e-05,39.8987,180.507,-12.0116,nominal
1710000581000,S2,C1,15.2802,0.0018428,39.7909,260.512,-12.01,edfa_aging
1710000581000,S3,C1,18.5148,1.25358e-05,40.5398,179.819,-11.9688,nominal
1710000582000,S1,C1,18.3989,1.60323e-05,40.0487,180.093,-11.9155,nominal
1710000582000,S2,C1,15.2098,0.00198565,40.2046,261.36,-11.9889,edfa_aging
1710000582000,S3,C1,18.6008,1.04021e-05,39.9557,180.164,-12.0812,nominal
1710000583000,S1,C1,18.5392,1.18934e-05,39.8952,179.994,-12.0123,nominal
1710000583000,S2,C1,15.2505,0.00190197,39.7737,261.155,-12.0112,edfa_aging
1710000583000,S3,C1,18.5908,1.06318e-05,39.9063,181.04,-12.0973,nominal
1710000584000,S1,C1,18.5777,1.09417e-05,40.0768,179.868,-12.0155,nominal
1710000584000,S2,C1,15.2398,0.00192363,40.1279,261.087,-12.0608,edfa_aging
1710000584000,S3,C1,18.5604,1.13605e-05,40.0306,179.284,-11.925,nominal
1710000585000,S1,C1,18.4605,1.40789e-05,40.0096,180.265,-11.976,nominal
1710000585000,S2,C1,15.1771,0.00205477,39.9459,261.116,-12.0438,edfa_aging
1710000585000,S3,C1,18.5395,1.18862e-05,39.9838,180.097,-11.8255,nominal
1710000586000,S1,C1,18.5493,1.16377e-05,39.9293,179.887,-11.9688,nominal
1710000586000,S2,C1,15.2004,0.00200528,39.9924,261.711,-12.0589,edfa_aging
1710000586000,S3,C1,18.489,1.32485e-05,40.1665,179.953,-11.9426,nominal
1710000587000,S1,C1,18.4101,1.56601e-05,39.7734,180.266,-11.7979,nominal
1710000587000,S2,C1,15.231,0.00194174,40.2397,262.669,-11.9602,edfa_aging
1710000587000,S3,C1,18.4382,1.47585e-05,40.1866,179.566,-12.0641,nominal
1710000588000,S1,C1,18.5126,1.25952e-05,40.2329,180.043,-12.064,nominal
1710000588000,S2,C1,15.1334,0.00215039,39.9891,261.435,-12.0473,edfa_aging
1710000588000,S3,C1,18.501,1.29133e-05,39.9121,180.064,-11.9691,nominal
1710000589000,S1,C1,18.4169,1.54363e-05,40.1521,180.457,-11.9885,nominal
1710000589000,S2,C1,15.1507,0.002112,40.0933,262.037,-12.0318,edfa_aging
1710000589000,S3,C1,18.478,1.35645e-05,39.9058,179.634,-12.074,nominal
1710000590000,S1,C1,18.5241,1.22872e-05,40.1177,179.684,-11.8395,nominal
1710000590000,S2,C1,15.1735,0.00206247,40.0487,262.973,-12.0928,edfa_aging
1710000590000,S3,C1,18.5421,1.18191e-05,39.8944,179.447,-12.0242,nominal
1710000591000,S1,C1,18.4106,1.5643e-05,39.886,180.032,-11.9969,nominal
1710000591000,S2,C1,15.1842,0.00203951,39.8158,263.083,-11.9193,edfa_aging
1710000591000,S3,C1,18.5085,1.27077e-05,40.0771,179.989,-11.9751,nominal
1710000592000,S1,C1,18.3684,1.70877e-05,39.9331,180.143,-11.9694,nominal
1710000592000,S2,C1,15.2064,0.00199265,39.9847,262.798,-12.0251,edfa_aging
1710000592000,S3,C1,18.4717,1.37467e-05,40.1533,180.615,-12.021,nominal
1710000593000,S1,C1,18.5198,1.24018e-05,40.2362,180.168,-12.1151,nominal
1710000593000,S2,C1,15.1051,0.00221398,40.1386,263.024,-12.0026,edfa_aging
1710000593000,S3,C1,18.5232,1.23115e-05,40.1064,179.902,-11.9074,nominal
1710000594000,S1,C1,18.6144,1.00964e-05,40.0974,180.457,-11.9222,nominal
1710000594000,S2,C1,15.18,0.00204866,40.0441,263.096,-11.9678,edfa_aging
1710000594000,S3,C1,18.6468,9.3998e-06,39.9865,180.154,-12.1305,nominal
1710000595000,S1,C1,18.4702,1.37903e-05,39.858,180.16,-11.9303,nominal
1710000595000,S2,C1,15.1884,0.00203064,40.0214,263.113,-12.071,edfa_aging
1710000595000,S3,C1,18.4552,1.42384e-05,40.0136,179.72,-11.9906,nominal
1710000596000,S1,C1,18.5415,1.18346e-05,39.9927,180.366,-11.9344,nominal
1710000596000,S2,C1,15.2267,0.00195057,39.8836,263.538,-11.9993,edfa_aging
1710000596000,S3,C1,18.5575,1.14316e-05,40.1073,179.687,-11.9157,nominal
1710000597000,S1,C1,18.5055,1.27879e-05,40.0071,180.79,-12.0139,nominal
1710000597000,S2,C1,15.1208,0.00217844,40.2263,264.049,-11.9454,edfa_aging
1710000597000,S3,C1,18.5305,1.21203e-05,40.1945,179.401,-11.9896,nominal
1710000598000,S1,C1,18.4838,1.3396e-05,39.9559,180.341,-11.9701,nominal
1710000598000,S2,C1,15.0884,0.00225241,39.9077,264.175,-11.8349,edfa_aging
1710000598000,S3,C1,18.4958,1.30577e-05,40.0035,179.976,-11.9201,nominal
1710000599000,S1,C1,18.5308,1.21123e-05,39.8444,179.577,-12.0048,nominal
1710000599000,S2,C1,15.0499,0.00234271,40.2642,263.643,-11.9898,edfa_aging
1710000599000,S3,C1,18.4627,1.40112e-05,40.1845,180.17,-12.029,nominal
1710000600000,S1,C1,18.5821,1.08355e-05,40.1743,179.429,-11.9319,nominal
1710000600000,S2,C1,15.1465,0.00212131,40.0215,264.336,-12.0192,edfa_aging
1710000600000,S3,C1,18.5017,1.28922e-05,39.9593,179.289,-11.9416,nominal
1710000601000,S1,C1,18.4382,1.47579e-05,40.0745,180.271,-12.0005,nominal
1710000601000,S2,C1,15.1758,0.00205767,40.0997,264.347,-11.976,edfa_aging
1710000601000,S3,C1,18.5117,1.26185e-05,40.0389,179.217,-12.0896,nominal
1710000602000,S1,C1,18.5282,1.21797e-05,39.9567,179.85,-11.937,nominal
1710000602000,S2,C1,15.0696,0.0022962,39.7791,265.27,-12.0261,edfa_aging
1710000602000,S3,C1,18.5393,1.18914e-05,40.1779,180.181,-11.998,nominal
1710000603000,S1,C1,18.5173,1.247e-05,39.7504,180.119,-12.1056,nominal
1710000603000,S2,C1,15.1188,0.00218312,40.0102,264.446,-12.1177,edfa_aging
1710000603000,S3,C1,18.536,1.19754e-05,39.8809,179.702,-12.0156,nominal
1710000604000,S1,C1,18.4288,1.50557e-05,39.8989,179.932,-12.0255,nominal
1710000604000,S2,C1,15.1324,0.00215255,39.85,264.719,-12.023,edfa_aging
1710000604000,S3,C1,18.5168,1.24827e-05,39.7524,179.339,-11.9487,nominal
1710000605000,S1,C1,18.5807,1.08683e-05,39.9859,180.526,-12.2257,nominal
1710000605000,S2,C1,15.13,0.00215795,40.0064,264.83,-12.0345,edfa_aging
1710000605000,S3,C1,18.4666,1.3897e-05,39.8437,180.233,-12.0474,nominal
1710000606000,S1,C1,18.5975,1.04782e-05,40.1169,180.483,-12.0112,nominal
1710000606000,S2,C1,15.0553,0.00232995,40.1767,266.935,-11.9831,edfa_aging
1710000606000,S3,C1,18.5159,1.25058e-05,39.9873,179.882,-11.9947,nominal
1710000607000,S1,C1,18.4524,1.43234e-05,39.9314,179.549,-11.9382,nominal
1710000607000,S2,C1,15.1004,0.00222468,40.0483,266.417,-12.237,edfa_aging
1710000607000,S3,C1,18.4774,1.35812e-05,39.8546,179.805,-12.2627,nominal
1710000608000,S1,C1,18.5869,1.07232e-05,40.1532,180.111,-12.0199,nominal
1710000608000,S2,C1,15.059,0.00232113,40.0329,265.837,-11.9959,edfa_aging
1710000608000,S3,C1,18.4485,1.44419e-05,39.9896,179.963,-12.0345,nominal
1710000609000,S1,C1,18.5028,1.28629e-05,40.0082,179.881,-11.8127,nominal
1710000609000,S2,C1,15.0073,0.00244594,40.1424,266.489,-12.0134,edfa_aging
1710000609000,S3,C1,18.5456,1.17299e-05,40.2123,179.707,-11.95,nominal
1710000610000,S1,C1,18.4918,1.31686e-05,39.8756,179.476,-12.0783,nominal
1710000610000,S2,C1,15.0607,0.00231705,39.8148,265.619,-11.9898,edfa_aging
1710000610000,S3,C1,18.4675,1.38715e-05,39.9551,181.098,-11.9028,nominal
1710000611000,S1,C1,18.5752,1.10009e-05,39.5685,180.261,-12.0263,nominal
1710000611000,S2,C1,15.0587,0.00232186,40.0122,266.387,-12.0385,edfa_aging
1710000611000,S3,C1,18.4408,1.46773e-05,40.2055,179.109,-11.9661,nominal
1710000612000,S1,C1,18.5114,1.26287e-05,39.8113,179.944,-12.0729,nominal
1710000612000,S2,C1,14.9856,0.00249994,39.9045,267.567,-12.0033,edfa_aging
1710000612000,S3,C1,18.5049,1.2805e-05,40.1371,179.765,-11.9987,nominal
1710000613000,S1,C1,18.5162,1.24995e-05,39.764,180.179,-12.0394,nominal
1710000613000,S2,C1,15.0488,0.00234536,40.1636,266.785,-12.1376,edfa_aging
1710000613000,S3,C1,18.404,1.58609e-05,39.8496,180.195,-11.8482,nominal
1710000614000,S1,C1,18.5759,1.09839e-05,39.965,180.994,-12.0368,nominal
1710000614000,S2,C1,15.1192,0.00218218,39.8906,266.508,-12.0607,edfa_aging
1710000614000,S3,C1,18.4973,1.30148e-05,40.1519,180.125,-12.0009,nominal
1710000615000,S1,C1,18.5644,1.12615e-05,40.0377,180.534,-12.1166,nominal
1710000615000,S2,C1,14.9376,0.00262252,40.2428,266.965,-12.0874,edfa_aging
1710000615000,S3,C1,18.523,1.23164e-05,40.1366,179.494,-12.0193,nominal
1710000616000,S1,C1,18.5447,1.17543e-05,40.1965,180.444,-12.0772,nominal
1710000616000,S2,C1,15.0404,0.00236542,40.3069,267.156,-11.9165,edfa_aging
1710000616000,S3,C1,18.4795,1.35201e-05,40.1538,179.836,-11.9799,nominal
1710000617000,S1,C1,18.43,1.50179e-05,39.9862,179.838,-11.8382,nominal
1710000617000,S2,C1,15.0438,0.00235718,39.6787,267.507,-11.9661,edfa_aging
1710000617000,S3,C1,18.5124,1.25999e-05,40.0392,179.932,-12.009,nominal
1710000618000,S1,C1,18.4214,1.52924e-05,39.8145,179.527,-12.0203,nominal
1710000618000,S2,C1,14.9936,0.00247992,39.9758,267.689,-12.0562,edfa_aging
1710000618000,S3,C1,18.6084,1.02309e-05,40.0485,180.516,-12.0865,nominal
1710000619000,S1,C1,18.5563,1.14614e-05,40.3412,180.501,-11.927,nominal
1710000619000,S2,C1,15.0001,0.00246362,39.7589,267.737,-12.1529,edfa_aging
1710000619000,S3,C1,18.5718,1.10825e-05,39.9252,180.622,-12.1376,nominal
1710000620000,S1,C1,18.4537,1.42839e-05,40.0352,179.879,-12.1005,nominal
1710000620000,S2,C1,14.9634,0.00255601,40.1873,267.518,-12.0038,edfa_aging
1710000620000,S3,C1,18.5471,1.16917e-05,39.8775,180.634,-12.088,nominal
1710000621000,S1,C1,18.5074,1.27362e-05,39.949,180.019,-12.0087,nominal
1710000621000,S2,C1,15.037,0.00237356,39.8687,268.272,-11.9692,edfa_aging
1710000621000,S3,C1,18.5305,1.21203e-05,40.0005,180.055,-11.9798,nominal
1710000622000,S1,C1,18.4463,1.45086e-05,39.9493,179.85,-11.9569,nominal
1710000622000,S2,C1,14.9151,0.00268182,40.096,268.455,-12.0981,edfa_aging
1710000622000,S3,C1,18.4745,1.36644e-05,40.1146,180.534,-11.9559,nominal
1710000623000,S1,C1,18.4908,1.31974e-05,39.7859,180.041,-12.0132,nominal
1710000623000,S2,C1,14.9478,0.0025962,40.0485,268.015,-12.0043,edfa_aging
1710000623000,S3,C1,18.4934,1.3125e-05,39.9197,180.219,-11.9651,nominal
1710000624000,S1,C1,18.4361,1.4826e-05,40.0842,180.965,-12.0403,nominal
1710000624000,S2,C1,14.8503,0.00285771,39.8597,269.043,-12.0288,edfa_aging
1710000624000,S3,C1,18.486,1.33331e-05,40.2523,179.901,-12.0485,nominal
1710000625000,S1,C1,18.5815,1.085e-05,40.045,179.875,-12.0145,nominal
1710000625000,S2,C1,14.956,0.00257496,39.7702,268.933,-11.9694,edfa_aging
1710000625000,S3,C1,18.5017,1.2894e-05,39.944,179.872,-12.0427,nominal
1710000626000,S1,C1,18.4491,1.44241e-05,40.2274,179.888,-11.9973,nominal
1710000626000,S2,C1,14.9512,0.00258733,40.1704,269.86,-11.9968,edfa_aging
1710000626000,S3,C1,18.5061,1.27714e-05,40.0593,180.278,-11.9351,nominal
1710000627000,S1,C1,18.4939,1.31107e-05,40.1545,180.082,-11.9334,nominal
1710000627000,S2,C1,14.8416,0.00288201,39.9101,269.548,-12.047,edfa_aging
1710000627000,S3,C1,18.4598,1.41005e-05,39.811,180.133,-12.0609,nominal
1710000628000,S1,C1,18.4906,1.32038e-05,40.1196,180.115,-11.9038,nominal
1710000628000,S2,C1,14.8745,0.00279102,40.0419,269.277,-12.029,edfa_aging
1710000628000,S3,C1,18.5809,1.08634e-05,40.2433,179.789,-12.0418,nominal
1710000629000,S1,C1,18.5603,1.13624e-05,40.1782,179.519,-12.1045,nominal
1710000629000,S2,C1,14.9346,0.0026305,40.2172,269.359,-11.892,edfa_aging
1710000629000,S3,C1,18.4481,1.44537e-05,40.1208,179.63,-11.8881,nominal
1710000630000,S1,C1,18.429,1.50486e-05,39.9469,179.289,-12.1631,nominal
1710000630000,S2,C1,14.879,0.00277875,39.9969,270.589,-11.9421,edfa_aging
1710000630000,S3,C1,18.5183,1.24411e-05,40.2065,179.621,-11.9949,nominal
1710000631000,S1,C1,18.4983,1.29868e-05,39.9231,179.766,-12.015,nominal
1710000631000,S2,C1,14.8358,0.0028986,39.9554,270.527,-11.9009,edfa_aging
1710000631000,S3,C1,18.5519,1.15716e-05,39.8339,180.562,-12.0484,nominal
1710000632000,S1,C1,18.4895,1.32335e-05,39.9824,179.914,-11.9994,nominal
1710000632000,S2,C1,14.7641,0.00310613,39.8464,270.459,-11.9835,edfa_aging
1710000632000,S3,C1,18.4987,1.29773e-05,40.2296,179.904,-12.0577,nominal
1710000633000,S1,C1,18.5265,1.22244e-05,39.8031,179.683,-11.9428,nominal
1710000633000,S2,C1,14.8991,0.00272432,40.0718,270.755,-11.9774,edfa_aging
1710000633000,S3,C1,18.4666,1.38969e-05,40.0859,180.052,-11.908,nominal
1710000634000,S1,C1,18.5236,1.23009e-05,39.9687,179.596,-11.9149,nominal
1710000634000,S2,C1,14.9715,0.00253545,39.8771,270.059,-11.8853,edfa_aging
1710000634000,S3,C1,18.5017,1.28943e-05,39.924,180.594,-12.0048,nominal
1710000635000,S1,C1,18.4768,1.35979e-05,39.9408,179.62,-12.0526,nominal
1710000635000,S2,C1,14.8447,0.00287355,39.7455,271.231,-12.0375,edfa_aging
1710000635000,S3,C1,18.5971,1.04856e-05,39.9567,180.622,-11.9904,nominal
1710000636000,S1,C1,18.512,1.26122e-05,40.0907,179.838,-11.8359,nominal
1710000636000,S2,C1,14.8823,0.00276986,39.9122,270.89,-11.991,edfa_aging
1710000636000,S3,C1,18.5313,1.20983e-05,39.7927,180.359,-11.9896,nominal
1710000637000,S1,C1,18.4813,1.34693e-05,39.9884,179.947,-11.9793,nominal
1710000637000,S2,C1,14.8745,0.0027911,39.9057,271.107,-11.9813,edfa_aging
1710000637000,S3,C1,18.4855,1.33476e-05,39.9903,180.184,-12.1622,nominal
1710000638000,S1,C1,18.5234,1.23061e-05,39.7044,179.341,-12.1403,nominal
1710000638000,S2,C1,14.8424,0.00287996,39.7542,271.702,-12.1076,edfa_aging
1710000638000,S3,C1,18.5293,1.2152e-05,40.1506,179.828,-12.0747,nominal
1710000639000,S1,C1,18.4949,1.30834e-05,39.9954,179.773,-11.9234,nominal
1710000639000,S2,C1,14.8445,0.00287398,39.9638,271.692,-11.8338,edfa_aging
1710000639000,S3,C1,18.4902,1.32153e-05,39.8894,180.031,-11.987,nominal
1710000640000,S1,C1,18.4672,1.38785e-05,40.2034,180.135,-11.9777,nominal
1710000640000,S2,C1,14.8385,0.00289072,40.1238,271.039,-12.14,edfa_aging
1710000640000,S3,C1,18.4062,1.57892e-05,40.0743,180.108,-12.0112,nominal
1710000641000,S1,C1,18.4986,1.29788e-05,39.7158,179.942,-11.9769,nominal
1710000641000,S2,C1,14.7824,0.00305192,40.0875,272.078,-12.1209,edfa_aging
1710000641000,S3,C1,18.5122,1.26058e-05,39.8377,180.286,-11.9737,nominal
1710000642000,S1,C1,18.5182,1.2445e-05,39.8773,179.447,-12.1263,nominal
1710000642000,S2,C1,14.944,0.00260597,40.3081,271.92,-12.0777,edfa_aging
1710000642000,S3,C1,18.5522,1.1565e-05,39.6195,179.767,-12.0757,nominal
1710000643000,S1,C1,18.6133,1.01208e-05,39.9939,179.848,-12.0239,nominal
1710000643000,S2,C1,14.9484,0.00259468,40.173,272.626,-11.9887,edfa_aging
1710000643000,S3,C1,18.5578,1.1425e-05,39.9894,180.332,-12.073,nominal
1710000644000,S1,C1,18.4754,1.36378e-05,39.7926,179.983,-11.9871,nominal
1710000644000,S2,C1,14.8211,0.00293998,40.0406,272.408,-11.9365,edfa_aging
1710000644000,S3,C1,18.4967,1.30313e-05,40.2369,180.418,-11.9694,nominal
1710000645000,S1,C1,18.5153,1.25217e-05,39.9092,180.298,-12.012,nominal
1710000645000,S2,C1,14.8882,0.00275377,39.6922,272.75,-11.8675,edfa_aging
1710000645000,S3,C1,18.4294,1.50376e-05,40.1952,180.154,-11.8692,nominal
1710000646000,S1,C1,18.5732,1.10494e-05,40.0001,179.339,-11.9451,nominal
1710000646000,S2,C1,14.7511,0.00314493,40.0358,272.3,-11.9499,edfa_aging
1710000646000,S3,C1,18.56,1.13708e-05,39.9152,179.457,-12.0797,nominal
1710000647000,S1,C1,18.3961,1.61264e-05,39.794,180.263,-11.8998,nominal
1710000647000,S2,C1,14.7741,0.00307652,40.1872,272.525,-12.0625,edfa_aging
1710000647000,S3,C1,18.4923,1.3157e-05,40.2035,179.269,-12.0062,nominal
1710000648000,S1,C1,18.4128,1.55693e-05,40.0361,179.804,-11.8785,nominal
1710000648000,S2,C1,14.8353,0.00289977,39.9608,272.584,-11.9641,edfa_aging
1710000648000,S3,C1,18.5369,1.19535e-05,40.17,180.28,-12.0756,nominal
1710000649000,S1,C1,18.4406,1.46856e-05,40.0535,180.07,-11.9002,nominal
1710000649000,S2,C1,14.7144,0.00325648,40.2201,273.325,-12.1339,edfa_aging
1710000649000,S3,C1,18.5565,1.14554e-05,40.07,179.315,-12.1302,nominal
1710000650000,S1,C1,18.4943,1.30998e-05,39.802,180.262,-12.0115,nominal
1710000650000,S2,C1,14.7003,0.00330041,39.8625,273.001,-11.8815,edfa_aging
1710000650000,S3,C1,18.5169,1.24787e-05,39.9603,180.083,-12.0094,nominal
1710000651000,S1,C1,18.622,9.92896e-06,39.9965,179.641,-11.863,nominal
1710000651000,S2,C1,14.7759,0.00307109,40.0429,273.409,-12.0149,edfa_aging
1710000651000,S3,C1,18.4969,1.30274e-05,40.16,181.138,-12.0236,nominal
1710000652000,S1,C1,18.5196,1.24081e-05,40.1545,179.666,-11.979,nominal
1710000652000,S2,C1,14.6532,0.00344969,40.1296,274.567,-12.198,edfa_aging
1710000652000,S3,C1,18.4685,1.38413e-05,39.9982,179.953,-12.2029,nominal
1710000653000,S1,C1,18.5604,1.13599e-05,39.9663,179.943,-11.9318,nominal
1710000653000,S2,C1,14.8319,0.00290955,40.2618,274.256,-12.012,edfa_aging
1710000653000,S3,C1,18.4782,1.35571e-05,39.9525,179.467,-12.0552,nominal
1710000654000,S1,C1,18.4889,1.32516e-05,40.0582,180.278,-12.0191,nominal
1710000654000,S2,C1,14.7767,0.00306861,39.9959,275.035,-11.9708,edfa_aging
1710000654000,S3,C1,18.5014,1.29014e-05,40.1681,180.356,-12.0623,nominal
1710000655000,S1,C1,18.3768,1.67893e-05,40.0895,179.77,-12.1106,nominal
1710000655000,S2,C1,14.7452,0.00316273,40.3019,273.971,-12.1075,edfa_aging
1710000655000,S3,C1,18.4767,1.36017e-05,39.9071,179.826,-12.1302,nominal
1710000656000,S1,C1,18.3843,1.65284e-05,39.9579,179.422,-12.1801,nominal
1710000656000,S2,C1,14.7602,0.00311775,39.9491,274.082,-12.0545,edfa_aging
1710000656000,S3,C1,18.518,1.245e-05,40.1117,179.969,-12.0774,nominal
1710000657000,S1,C1,18.5509,1.15957e-05,40.1406,179.709,-11.9849,nominal
1710000657000,S2,C1,14.6749,0.00338031,39.7298,274.426,-12.039,edfa_aging
1710000657000,S3,C1,18.4019,1.59304e-05,40.2318,179.32,-11.8716,nominal
1710000658000,S1,C1,18.5092,1.26866e-05,40.0511,180.14,-12.0536,nominal
1710000658000,S2,C1,14.6669,0.00340586,39.9863,275.02,-12.009,edfa_aging
1710000658000,S3,C1,18.4491,1.44242e-05,39.9071,179.744,-12.1923,nominal
1710000659000,S1,C1,18.4351,1.4857e-05,39.8448,180.449,-12.0002,nominal
1710000659000,S2,C1,14.7493,0.00315027,40.2142,274.604,-12.112,edfa_aging
1710000659000,S3,C1,18.4981,1.29942e-05,40.0348,180.545,-12.1249,nominal
1710000660000,S1,C1,18.5559,1.14723e-05,40.072,179.783,-11.9286,nominal
1710000660000,S2,C1,14.7482,0.00315364,39.9512,275.895,-11.9577,edfa_aging
1710000660000,S3,C1,18.4648,1.39493e-05,40.0882,179.895,-11.9297,nominal
1710000661000,S1,C1,18.4231,1.52386e-05,40.1236,179.855,-12.1213,nominal
1710000661000,S2,C1,14.7021,0.00329489,40.2549,274.908,-12.036,edfa_aging
1710000661000,S3,C1,18.4726,1.37197e-05,39.7448,179.718,-11.9935,nominal
1710000662000,S1,C1,18.5567,1.14513e-05,40.1147,179.913,-12.1399,nominal
1710000662000,S2,C1,14.6861,0.00334473,39.9715,275.968,-12.1946,edfa_aging
1710000662000,S3,C1,18.4425,1.46244e-05,39.9331,179.981,-11.9713,nominal
1710000663000,S1,C1,18.5726,1.10635e-05,39.8975,179.93,-11.979,nominal
1710000663000,S2,C1,14.6553,0.00344312,40.2937,275.18,-12.1017,edfa_aging
1710000663000,S3,C1,18.5331,1.20527e-05,39.9239,180.071,-12.0063,nominal
1710000664000,S1,C1,18.4618,1.40406e-05,40.0632,179.606,-11.9707,nominal
1710000664000,S2,C1,14.7455,0.00316183,39.6644,275.404,-11.9067,edfa_aging
1710000664000,S3,C1,18.581,1.08616e-05,39.9254,180.377,-12.0057,nominal
1710000665000,S1,C1,18.4446,1.4561e-05,40.2003,179.807,-12.0214,nominal
1710000665000,S2,C1,14.5952,0.00364104,40.3542,276.037,-11.8726,edfa_aging
1710000665000,S3,C1,18.449,1.44258e-05,39.8752,180.261,-12.0566,nominal
1710000666000,S1,C1,18.5422,1.18165e-05,40.0292,180.069,-12.0415,nominal
1710000666000,S2,C1,14.6201,0.00355777,39.6885,276.039,-11.9556,edfa_aging
1710000666000,S3,C1,18.5568,1.14484e-05,40.1974,180.373,-11.9151,nominal
1710000667000,S1,C1,18.4452,1.45413e-05,40.1725,180.024,-12.1263,nominal
1710000667000,S2,C1,14.6297,0.00352618,39.993,276.072,-12.0059,edfa_aging
1710000667000,S3,C1,18.4265,1.51284e-05,39.8689,179.482,-12.1665,nominal
1710000668000,S1,C1,18.5431,1.17941e-05,40.1901,179.992,-12.0066,nominal
1710000668000,S2,C1,14.5739,0.00371316,39.8196,276.176,-12.0508,edfa_aging
1710000668000,S3,C1,18.5062,1.27689e-05,39.9881,179.855,-11.9834,nominal
1710000669000,S1,C1,18.4402,1.46958e-05,39.9896,179.582,-12.0588,nominal
1710000669000,S2,C1,14.5776,0.00370063,40.051,276.626,-12.1328,edfa_aging
1710000669000,S3,C1,18.399,1.6029e-05,40.0925,179.223,-12.1796,nominal
1710000670000,S1,C1,18.5404,1.18636e-05,40.0943,179.763,-11.9654,nominal
1710000670000,S2,C1,14.5861,0.0036715,39.9685,276.443,-12.1273,edfa_aging
1710000670000,S3,C1,18.5234,1.23051e-05,40.237,180.596,-12.1957,nominal
1710000671000,S1,C1,18.5047,1.2811e-05,39.9518,179.698,-11.9244,nominal
1710000671000,S2,C1,14.682,0.00335791,39.9559,277.563,-11.8895,edfa_aging
1710000671000,S3,C1,18.5002,1.29355e-05,39.7636,179.751,-12.0303,nominal
1710000672000,S1,C1,18.4784,1.35531e-05,40.1558,180.401,-12.044,nominal
1710000672000,S2,C1,14.7153,0.00325383,40.0996,277.289,-12.2044,edfa_aging
1710000672000,S3,C1,18.5061,1.27723e-05,39.8074,179.838,-11.8825,nominal
1710000673000,S1,C1,18.4552,1.42369e-05,39.982,180.562,-11.9667,nominal
1710000673000,S2,C1,14.6363,0.00350474,40.1506,277.334,-11.992,edfa_aging
1710000673000,S3,C1,18.5599,1.13717e-05,39.8441,180.707,-11.9687,nominal
1710000674000,S1,C1,18.5119,1.2615e-05,39.9133,180.119,-11.985,nominal
1710000674000,S2,C1,14.5315,0.00386008,39.951,276.894,-11.8609,edfa_aging
1710000674000,S3,C1,18.5286,1.2168e-05,39.9563,180.337,-12.0137,nominal
1710000675000,S1,C1,18.4054,1.58159e-05,39.992,180.618,-11.9441,nominal
1710000675000,S2,C1,14.5759,0.00370619,40.1924,278.57,-11.9606,edfa_aging
1710000675000,S3,C1,18.4976,1.30076e-05,40.1417,179.865,-11.8715,nominal
1710000676000,S1,C1,18.4862,1.33282e-05,39.9851,179.866,-11.8778,nominal
1710000676000,S2,C1,14.5932,0.00364764,39.7341,277.716,-12.1168,edfa_aging
1710000676000,S3,C1,18.4579,1.41568e-05,39.9816,179.889,-12.0175,nominal
1710000677000,S1,C1,18.4802,1.35003e-05,40.0534,179.868,-11.9472,nominal
1710000677000,S2,C1,14.5803,0.00369119,39.8371,277.474,-12.0287,edfa_aging
1710000677000,S3,C1,18.5013,1.29036e-05,40.0241,179.826,-12.0705,nominal
1710000678000,S1,C1,18.5339,1.20303e-05,40.0659,179.467,-11.9433,nominal
1710000678000,S2,C1,14.569,0.00372987,39.7904,277.524,-11.9551,edfa_aging
1710000678000,S3,C1,18.4641,1.39711e-05,40.2313,180.33,-11.9596,nominal
1710000679000,S1,C1,18.4373,1.47871e-05,39.8215,180.075,-11.9366,nominal
1710000679000,S2,C1,14.6072,0.00360078,40.0754,277.032,-12.0845,edfa_aging
1710000679000,S3,C1,18.4776,1.35756e-05,39.9542,181.186,-12.1241,nominal
1710000680000,S1,C1,18.5857,1.07519e-05,39.8986,179.803,-12.0336,nominal
1710000680000,S2,C1,14.478,0.00405207,40.142,277.928,-12.0291,edfa_aging
1710000680000,S3,C1,18.5726,1.10619e-05,40.0279,179.438,-11.8344,nominal
1710000681000,S1,C1,18.4844,1.3379e-05,40.0504,180.021,-12.0003,nominal
1710000681000,S2,C1,14.5402,0.00382957,39.935,277.52,-11.9279,edfa_aging
1710000681000,S3,C1,18.5425,1.18098e-05,40.2986,180.572,-11.9843,nominal
1710000682000,S1,C1,18.4431,1.46074e-05,40.0687,180.178,-11.9723,nominal
1710000682000,S2,C1,14.5736,0.00371395,39.9019,277.885,-12.0873,edfa_aging
1710000682000,S3,C1,18.513,1.25843e-05,40.1202,180.49,-12.0211,nominal
1710000683000,S1,C1,18.5693,1.11423e-05,40.0095,179.888,-11.9012,nominal
1710000683000,S2,C1,14.5926,0.00364957,39.8154,279.148,-12.0064,edfa_aging
1710000683000,S3,C1,18.53,1.2132e-05,39.912,179.808,-12.0611,nominal
1710000684000,S1,C1,18.5831,1.08113e-05,40.3919,179.538,-11.8968,nominal
1710000684000,S2,C1,14.5651,0.00374332,40.1055,278.623,-11.9679,edfa_aging
1710000684000,S3,C1,18.4264,1.51324e-05,39.9063,180.121,-11.9516,nominal
1710000685000,S1,C1,18.4906,1.32032e-05,40.1649,179.967,-11.819,nominal
1710000685000,S2,C1,14.5458,0.00381018,40.1771,278.581,-11.9909,edfa_aging
1710000685000,S3,C1,18.5038,1.28353e-05,40.1709,180.104,-11.8719,nominal
1710000686000,S1,C1,18.4554,1.423e-05,39.9858,179.956,-12.0866,nominal
1710000686000,S2,C1,14.5319,0.00385873,39.9141,279.738,-11.9946,edfa_aging
1710000686000,S3,C1,18.4138,1.55373e-05,39.8329,179.712,-12.0774,nominal
1710000687000,S1,C1,18.5008,1.29183e-05,40.1068,179.996,-12.003,nominal
1710000687000,S2,C1,14.4995,0.00397391,39.9723,278.949,-11.9381,edfa_aging
1710000687000,S3,C1,18.4651,1.39419e-05,39.8715,179.752,-12.0117,nominal
1710000688000,S1,C1,18.4655,1.393e-05,40.1984,180.253,-12.1371,nominal
1710000688000,S2,C1,14.5313,0.00386075,39.9377,280.179,-11.915,edfa_aging
1710000688000,S3,C1,18.5168,1.24821e-05,40.1245,180.577,-12.0063,nominal
1710000689000,S1,C1,18.4844,1.33796e-05,40.0527,179.9,-12.0425,nominal
1710000689000,S2,C1,14.5108,0.0039336,39.9963,279.402,-11.8919,edfa_aging
1710000689000,S3,C1,18.5171,1.2474e-05,40.2048,180.185,-12.099,nominal
1710000690000,S1,C1,18.5779,1.09352e-05,39.7363,179.88,-12.1305,nominal
1710000690000,S2,C1,14.4799,0.00404514,40.0716,279.821,-11.8862,edfa_aging
1710000690000,S3,C1,18.5332,1.20486e-05,40.2551,179.851,-11.9269,nominal
1710000691000,S1,C1,18.5196,1.24074e-05,40.013,180.674,-11.9069,nominal
1710000691000,S2,C1,14.5694,0.00372856,39.6569,279.668,-11.9504,edfa_aging
1710000691000,S3,C1,18.5058,1.27806e-05,39.858,179.657,-11.9983,nominal
1710000692000,S1,C1,18.5073,1.27404e-05,40.0062,180.413,-11.9397,nominal
1710000692000,S2,C1,14.5627,0.00375166,39.9166,279.744,-12.0401,edfa_aging
1710000692000,S3,C1,18.5004,1.29284e-05,40.0823,179.969,-12.0634,nominal
1710000693000,S1,C1,18.5173,1.24688e-05,40.3187,179.951,-12.0852,nominal
1710000693000,S2,C1,14.4788,0.00404892,40.1261,280.202,-12.064,edfa_aging
1710000693000,S3,C1,18.4977,1.30055e-05,39.5072,180.029,-11.9573,nominal
1710000694000,S1,C1,18.4971,1.30213e-05,39.7233,179.617,-11.9731,nominal
1710000694000,S2,C1,14.5224,0.00389223,39.8594,280.819,-11.924,edfa_aging
1710000694000,S3,C1,18.568,1.11743e-05,39.8784,180.341,-12.0943,nominal
1710000695000,S1,C1,18.5421,1.18201e-05,40.2312,179.811,-11.941,nominal
1710000695000,S2,C1,14.5456,0.00381087,40.1969,280.459,-12.0432,edfa_aging
1710000695000,S3,C1,18.5627,1.13046e-05,40.4458,180.631,-11.9956,nominal
1710000696000,S1,C1,18.544,1.17719e-05,39.976,180.14,-11.8614,nominal
1710000696000,S2,C1,14.4931,0.00399695,40.2196,280.171,-12.1104,edfa_aging
1710000696000,S3,C1,18.4247,1.51847e-05,40.2407,180.03,-12.0074,nominal
1710000697000,S1,C1,18.4815,1.34622e-05,40.1393,180.323,-11.9338,nominal
1710000697000,S2,C1,14.4803,0.00404354,39.8545,280.022,-12.0026,edfa_aging
1710000697000,S3,C1,18.5039,1.28323e-05,40.1142,179.658,-12.0967,nominal
1710000698000,S1,C1,18.5053,1.27956e-05,39.956,180.944,-11.9897,nominal
1710000698000,S2,C1,14.4929,0.0039978,39.8781,281.351,-12.0609,edfa_aging
1710000698000,S3,C1,18.5619,1.1323e-05,39.8688,180.164,-12.0704,nominal
1710000699000,S1,C1,18.6207,9.95781e-06,40.0263,179.893,-12.007,nominal
1710000699000,S2,C1,14.3798,0.0044229,40.205,280.729,-12.0184,edfa_aging
1710000699000,S3,C1,18.4845,1.33775e-05,39.8199,180.079,-12.003,nominal
1710000700000,S1,C1,18.5211,1.23678e-05,40.17,180.052,-11.95,nominal
1710000700000,S2,C1,14.385,0.00440283,39.7468,280.735,-12.1377,edfa_aging
1710000700000,S3,C1,18.5081,1.27167e-05,40.1745,179.795,-12.1717,nominal
1710000701000,S1,C1,18.4907,1.32005e-05,40.013,179.851,-11.9755,nominal
1710000701000,S2,C1,14.4768,0.00405652,39.838,281.498,-12.0503,edfa_aging
1710000701000,S3,C1,18.4669,1.38875e-05,39.9852,180.302,-12.0198,nominal
1710000702000,S1,C1,18.6025,1.03637e-05,40.1587,180.025,-12.0378,nominal
1710000702000,S2,C1,14.4586,0.00412339,39.7489,281.652,-11.9129,edfa_aging
1710000702000,S3,C1,18.4368,1.48029e-05,39.8874,179.979,-11.9887,nominal
1710000703000,S1,C1,18.5005,1.29275e-05,39.9886,179.842,-12.0968,nominal
1710000703000,S2,C1,14.5074,0.00394575,40.0052,281.844,-11.9933,edfa_aging
1710000703000,S3,C1,18.5033,1.2849e-05,40.1184,180.152,-12.0085,nominal
1710000704000,S1,C1,18.4451,1.45444e-05,39.9394,179.571,-11.9158,nominal
1710000704000,S2,C1,14.4084,0.00431229,40.0562,281.506,-12.0972,edfa_aging
1710000704000,S3,C1,18.476,1.36228e-05,40.1121,180.016,-12.0177,nominal
1710000705000,S1,C1,18.5337,1.20352e-05,39.9681,180.399,-12.0571,nominal
1710000705000,S2,C1,14.4823,0.00403613,40.0767,281.136,-12.06,edfa_aging
1710000705000,S3,C1,18.4881,1.3275e-05,39.9047,180.2,-12.1259,nominal
1710000706000,S1,C1,18.455,1.42432e-05,39.9256,180.046,-12.0212,nominal
1710000706000,S2,C1,14.4746,0.00406427,40.0448,282.264,-11.9474,edfa_aging
1710000706000,S3,C1,18.4235,1.52234e-05,39.944,180.253,-12.0344,nominal
1710000707000,S1,C1,18.4751,1.36465e-05,39.9832,180.505,-11.9362,nominal
1710000707000,S2,C1,14.5144,0.00392053,39.7838,282.169,-12.0054,edfa_aging
1710000707000,S3,C1,18.4376,1.47767e-05,40.342,179.627,-12.0192,nominal
1710000708000,S1,C1,18.5163,1.24952e-05,40.2056,179.797,-12.0042,nominal
1710000708000,S2,C1,14.3701,0.00446103,40.1836,282.308,-11.9811,edfa_aging
1710000708000,S3,C1,18.4887,1.3258e-05,39.8631,180.379,-11.9599,nominal
1710000709000,S1,C1,18.4937,1.31173e-05,39.8259,180.101,-11.9096,nominal
1710000709000,S2,C1,14.3868,0.00439599,39.9915,282.111,-12.1327,edfa_aging
1710000709000,S3,C1,18.4728,1.37157e-05,40.1625,180.029,-11.9972,nominal
1710000710000,S1,C1,18.4618,1.40386e-05,39.7525,180.257,-12.089,nominal
1710000710000,S2,C1,14.4125,0.00429669,39.9395,282.83,-12.0076,edfa_aging
1710000710000,S3,C1,18.5222,1.23389e-05,39.9049,179.355,-11.927,nominal
1710000711000,S1,C1,18.4725,1.37248e-05,39.9989,179.255,-11.9391,nominal
1710000711000,S2,C1,14.4063,0.00432035,40.2673,282.782,-12.0354,edfa_aging
1710000711000,S3,C1,18.4418,1.46477e-05,39.8819,179.886,-12.0067,nominal
1710000712000,S1,C1,18.4703,1.37869e-05,40.2545,179.476,-12.1054,nominal
1710000712000,S2,C1,14.3375,0.00459062,40.0199,283.014,-12.029,edfa_aging
1710000712000,S3,C1,18.5296,1.21432e-05,39.8537,180.51,-11.9839,nominal
1710000713000,S1,C1,18.5583,1.14117e-05,40.1589,180.296,-12.1192,nominal
1710000713000,S2,C1,14.3532,0.00452776,40.0553,283.534,-11.8557,edfa_aging
1710000713000,S3,C1,18.5224,1.23333e-05,39.9923,180.591,-11.9519,nominal
1710000714000,S1,C1,18.4639,1.39753e-05,40.2005,180.039,-12.0827,nominal
1710000714000,S2,C1,14.3109,0.00469844,40.1306,283.09,-12.0497,edfa_aging
1710000714000,S3,C1,18.4983,1.29866e-05,40.0073,179.771,-12.0078,nominal
1710000715000,S1,C1,18.4714,1.37559e-05,40.1898,179.274,-11.9904,nominal
1710000715000,S2,C1,14.4857,0.00402398,40.3133,283.189,-12.0634,edfa_aging
1710000715000,S3,C1,18.5258,1.2244e-05,40.1214,180.135,-11.8987,nominal
1710000716000,S1,C1,18.6019,1.03766e-05,39.8929,179.708,-12.0535,nominal
1710000716000,S2,C1,14.3614,0.00449551,39.9983,283.335,-12.0221,edfa_aging
1710000716000,S3,C1,18.4892,1.32437e-05,39.899,179.512,-12.1463,nominal
1710000717000,S1,C1,18.4723,1.37289e-05,40.0202,179.585,-12.1095,nominal
1710000717000,S2,C1,14.3586,0.0045067,40.1073,282.959,-12.1243,edfa_aging
1710000717000,S3,C1,18.4834,1.34084e-05,40.0717,180.207,-12.1168,nominal
1710000718000,S1,C1,18.5745,1.10177e-05,39.6034,179.81,-11.9042,nominal
1710000718000,S2,C1,14.3228,0.00465024,39.6378,283.585,-12.0715,edfa_aging
1710000718000,S3,C1,18.4915,1.31777e-05,39.9261,179.134,-11.9208,nominal
1710000719000,S1,C1,18.5658,1.12279e-05,39.9113,180.613,-12.0763,nominal
1710000719000,S2,C1,14.3491,0.00454438,39.8481,284.268,-12.1179,edfa_aging
1710000719000,S3,C1,18.4294,1.50351e-05,39.9005,179.344,-12.138,nominal
1710000720000,S1,C1,18.4924,1.31539e-05,40.0939,179.775,-12.0088,nominal
1710000720000,S2,C1,14.3816,0.00441613,40.3199,284.324,-12.0194,edfa_aging
1710000720000,S3,C1,18.4906,1.32035e-05,40.1052,180.186,-12.0641,nominal
1710000721000,S1,C1,18.429,1.50478e-05,39.7694,180.804,-11.9795,nominal
1710000721000,S2,C1,14.32,0.00466127,40.3092,283.924,-12.0582,edfa_aging
1710000721000,S3,C1,18.5322,1.20751e-05,40.0776,180.218,-12.0589,nominal
1710000722000,S1,C1,18.5227,1.23261e-05,39.6939,179.904,-12.0376,nominal
1710000722000,S2,C1,14.3296,0.00462267,39.976,283.797,-12.1618,edfa_aging
1710000722000,S3,C1,18.412,1.55972e-05,39.782,179.763,-11.9813,nominal
1710000723000,S1,C1,18.5336,1.20377e-05,39.8083,179.714,-11.9709,nominal
1710000723000,S2,C1,14.4339,0.00421538,39.8606,284.601,-12.0595,edfa_aging
1710000723000,S3,C1,18.5264,1.22269e-05,40.0325,180.215,-12.0688,nominal
1710000724000,S1,C1,18.5484,1.16597e-05,40.0361,180.623,-11.9505,nominal
1710000724000,S2,C1,14.366,0.00447717,39.787,284.575,-12.1033,edfa_aging
1710000724000,S3,C1,18.4603,1.4084e-05,39.7348,180.643,-12.068,nominal
1710000725000,S1,C1,18.5036,1.28412e-05,40.1787,180.379,-12.0078,nominal
1710000725000,S2,C1,14.3262,0.00463632,39.8126,284.759,-12.1845,edfa_aging
1710000725000,S3,C1,18.4741,1.36759e-05,39.8484,179.963,-11.8269,nominal
1710000726000,S1,C1,18.5602,1.13643e-05,40.3919,180.55,-11.917,nominal
1710000726000,S2,C1,14.2878,0.00479385,39.9095,285.425,-12.0352,edfa_aging
1710000726000,S3,C1,18.4963,1.30424e-05,40.2506,180.256,-12.0232,nominal
1710000727000,S1,C1,18.5695,1.11371e-05,40.2187,180.774,-12.0469,nominal
1710000727000,S2,C1,14.3022,0.00473433,39.7305,284.883,-11.8898,edfa_aging
1710000727000,S3,C1,18.5042,1.28242e-05,40.2049,179.698,-11.991,nominal
1710000728000,S1,C1,18.4473,1.44784e-05,39.777,180.427,-12.084,nominal
1710000728000,S2,C1,14.2607,0.00490735,39.9819,285.553,-12.2486,edfa_aging
1710000728000,S3,C1,18.5599,1.13727e-05,39.9781,179.499,-11.9363,nominal
1710000729000,S1,C1,18.5715,1.10898e-05,39.6565,180.491,-11.9836,nominal
1710000729000,S2,C1,14.3058,0.00471931,39.9724,285.367,-12.0198,edfa_aging
1710000729000,S3,C1,18.4845,1.33759e-05,40.0967,180.726,-11.9765,nominal
1710000730000,S1,C1,18.5087,1.27006e-05,40.0273,179.329,-12.0768,nominal
1710000730000,S2,C1,14.2532,0.00493931,39.8067,285.721,-11.8804,edfa_aging
1710000730000,S3,C1,18.5773,1.09499e-05,40.1962,180.076,-12.0343,nominal
1710000731000,S1,C1,18.4717,1.37464e-05,40.1641,179.683,-11.9698,nominal
1710000731000,S2,C1,14.2448,0.00497494,39.7962,285.236,-11.9126,edfa_aging
1710000731000,S3,C1,18.4939,1.31115e-05,40.2646,179.768,-12.0808,nominal
1710000732000,S1,C1,18.4841,1.33891e-05,39.7627,180.184,-12.0079,nominal
1710000732000,S2,C1,14.2551,0.00493096,39.8164,285.625,-11.8739,edfa_aging
1710000732000,S3,C1,18.5161,1.24999e-05,40.2629,179.331,-12.0408,nominal
1710000733000,S1,C1,18.5939,1.05608e-05,39.9273,180.091,-12.0371,nominal
1710000733000,S2,C1,14.2164,0.00509745,39.9224,285.911,-11.8303,edfa_aging
1710000733000,S3,C1,18.5257,1.22453e-05,39.8899,180.26,-11.9641,nominal
1710000734000,S1,C1,18.5492,1.16393e-05,39.9386,180.296,-11.9537,nominal
1710000734000,S2,C1,14.274,0.00485127,39.9642,285.863,-11.951,edfa_aging
1710000734000,S3,C1,18.4589,1.41275e-05,39.997,180.37,-11.9695,nominal
1710000735000,S1,C1,18.4105,1.56448e-05,40.0115,179.824,-11.9572,nominal
1710000735000,S2,C1,14.3844,0.00440522,40.0865,286.087,-11.852,edfa_aging
1710000735000,S3,C1,18.4364,1.48141e-05,40.0201,180.574,-11.932,nominal
1710000736000,S1,C1,18.5042,1.28253e-05,39.9797,180.452,-12.2355,nominal
1710000736000,S2,C1,14.222,0.00507324,39.7265,286.081,-11.8686,edfa_aging
1710000736000,S3,C1,18.498,1.2996e-05,39.64,179.933,-11.9315,nominal
1710000737000,S1,C1,18.493,1.31357e-05,40.0845,180.811,-12.0252,nominal
1710000737000,S2,C1,14.1646,0.0053265,39.9439,287.048,-12.0108,edfa_aging
1710000737000,S3,C1,18.5275,1.21978e-05,39.8898,180.384,-11.8157,nominal
1710000738000,S1,C1,18.4912,1.3186e-05,40.166,180.246,-11.9888,nominal
1710000738000,S2,C1,14.2897,0.00478581,40.0031,285.566,-12.0999,edfa_aging
1710000738000,S3,C1,18.5359,1.1979e-05,40.0616,180.035,-11.8795,nominal
1710000739000,S1,C1,18.4743,1.36697e-05,40.0185,180.346,-11.9609,nominal
1710000739000,S2,C1,14.2311,0.00503375,40.048,286.918,-11.7867,edfa_aging
1710000739000,S3,C1,18.4752,1.36447e-05,39.9692,179.658,-11.9818,nominal
1710000740000,S1,C1,18.4272,1.51065e-05,40.1205,180.217,-12.0433,nominal
1710000740000,S2,C1,14.3295,0.00462277,40.1307,286.77,-11.8682,edfa_aging
1710000740000,S3,C1,18.5813,1.08556e-05,39.9108,179.999,-11.9723,nominal
1710000741000,S1,C1,18.5431,1.17944e-05,40.3073,180.384,-12.0913,nominal
1710000741000,S2,C1,14.2442,0.0049775,39.9353,286.408,-11.9732,edfa_aging
1710000741000,S3,C1,18.4876,1.32894e-05,39.8251,179.783,-11.978,nominal
1710000742000,S1,C1,18.453,1.43035e-05,39.8552,180.102,-11.99,nominal
1710000742000,S2,C1,14.2661,0.00488453,40.1909,286.744,-12.0389,edfa_aging
1710000742000,S3,C1,18.4604,1.40826e-05,39.9141,179.661,-11.9963,nominal
1710000743000,S1,C1,18.4815,1.34627e-05,39.8516,179.819,-11.9457,nominal
1710000743000,S2,C1,14.1755,0.00527787,40.3545,286.529,-12.0978,edfa_aging
1710000743000,S3,C1,18.5527,1.15524e-05,39.9966,179.764,-11.983,nominal
1710000744000,S1,C1,18.4699,1.38002e-05,40.0854,180.096,-12.1638,nominal
1710000744000,S2,C1,14.1291,0.00548809,40.068,287.501,-11.9528,edfa_aging
1710000744000,S3,C1,18.5564,1.14599e-05,39.9529,180.361,-11.9766,nominal
1710000745000,S1,C1,18.4636,1.39855e-05,40.2871,180.062,-12.1195,nominal
1710000745000,S2,C1,14.194,0.00519549,40.2409,287.688,-11.9976,edfa_aging
1710000745000,S3,C1,18.4484,1.44453e-05,40.171,180.037,-12.0411,nominal
1710000746000,S1,C1,18.5372,1.19463e-05,40.0346,179.415,-12.0467,nominal
1710000746000,S2,C1,14.231,0.00503422,40.152,287.693,-12.0384,edfa_aging
1710000746000,S3,C1,18.5377,1.19325e-05,40.1223,179.718,-12.0755,nominal
1710000747000,S1,C1,18.5192,1.24183e-05,40.1737,180.112,-12.2061,nominal
1710000747000,S2,C1,14.1492,0.00539592,40.0709,288.315,-12.0087,edfa_aging
1710000747000,S3,C1,18.4337,1.49011e-05,39.8069,179.954,-12.0487,nominal
1710000748000,S1,C1,18.4663,1.39059e-05,39.9638,180.03,-12.0475,nominal
1710000748000,S2,C1,14.1074,0.00558857,39.9688,287.113,-11.9348,edfa_aging
1710000748000,S3,C1,18.4994,1.2956e-05,40.1403,179.956,-11.9482,nominal
1710000749000,S1,C1,18.4528,1.43113e-05,40.1477,180.101,-11.9345,nominal
1710000749000,S2,C1,14.1517,0.00538483,40.0421,287.403,-11.9673,edfa_aging
1710000749000,S3,C1,18.6111,1.0169e-05,40.0044,179.967,-11.9039,nominal
1710000750000,S1,C1,18.4765,1.36061e-05,39.9165,179.802,-12.0847,nominal
1710000750000,S2,C1,14.1538,0.00537525,40.3206,287.869,-11.9456,edfa_aging
1710000750000,S3,C1,18.5628,1.13007e-05,40.1144,180.086,-11.973,nominal
1710000751000,S1,C1,18.5484,1.16607e-05,40.112,180.21,-11.989,nominal
1710000751000,S2,C1,14.1542,0.00537344,40.0146,288.463,-12.0825,edfa_aging
1710000751000,S3,C1,18.5341,1.20254e-05,39.9014,179.718,-12.0017,nominal
1710000752000,S1,C1,18.5063,1.2767e-05,40.0704,180.266,-12.0707,nominal
1710000752000,S2,C1,14.1636,0.00533113,39.8836,288.492,-11.8418,edfa_aging
1710000752000,S3,C1,18.5316,1.20895e-05,40.1345,180.579,-11.9401,nominal
1710000753000,S1,C1,18.5117,1.2621e-05,40.0706,179.739,-11.9663,nominal
1710000753000,S2,C1,14.2793,0.00482929,39.9269,288.009,-11.9305,edfa_aging
1710000753000,S3,C1,18.4585,1.41383e-05,39.893,179.564,-12.0017,nominal
1710000754000,S1,C1,18.4836,1.34027e-05,40.2182,180.147,-11.9482,nominal
1710000754000,S2,C1,14.1561,0.00536505,40.1245,288.572,-11.9619,edfa_aging
1710000754000,S3,C1,18.5166,1.24864e-05,40.1529,179.78,-11.9756,nominal
1710000755000,S1,C1,18.4871,1.33025e-05,40.1722,180.327,-11.8962,nominal
1710000755000,S2,C1,14.1245,0.00550903,39.9056,288.998,-11.9459,edfa_aging
1710000755000,S3,C1,18.5227,1.23254e-05,39.9955,179.468,-11.913,nominal
1710000756000,S1,C1,18.5108,1.26435e-05,39.9225,180.312,-11.9941,nominal
1710000756000,S2,C1,14.09,0.00567021,40.1458,288.227,-12.0376,edfa_aging
1710000756000,S3,C1,18.4489,1.44296e-05,39.9612,179.859,-12.1337,nominal
1710000757000,S1,C1,18.4078,1.57344e-05,40.1455,179.653,-11.9162,nominal
1710000757000,S2,C1,14.1788,0.00526307,40.1181,289.166,-11.9446,edfa_aging
1710000757000,S3,C1,18.5109,1.26421e-05,39.8023,179.804,-12.0753,nominal
1710000758000,S1,C1,18.5806,1.08715e-05,39.7582,179.612,-11.9681,nominal
1710000758000,S2,C1,14.0547,0.00583811,40.0408,289.438,-11.9651,edfa_aging
1710000758000,S3,C1,18.5282,1.21786e-05,39.7584,180.103,-11.8162,nominal
1710000759000,S1,C1,18.4606,1.40746e-05,40.1618,180.026,-12.0378,nominal
1710000759000,S2,C1,14.2007,0.00516609,40.262,289.627,-11.9702,edfa_aging
1710000759000,S3,C1,18.5118,1.26169e-05,40.1296,179.43,-12.0016,nominal
1710000760000,S1,C1,18.4716,1.37502e-05,40.4262,179.601,-11.8825,nominal
1710000760000,S2,C1,14.123,0.00551607,39.8039,289.745,-11.8463,edfa_aging
1710000760000,S3,C1,18.5227,1.23249e-05,39.8322,180.107,-12.0494,nominal
1710000761000,S1,C1,18.5669,1.12001e-05,40.0937,181.002,-12.0478,nominal
1710000761000,S2,C1,14.0433,0.00589353,39.9206,289.32,-11.9095,edfa_aging
1710000761000,S3,C1,18.49,1.32199e-05,39.8239,179.352,-12.0797,nominal
1710000762000,S1,C1,18.5111,1.26355e-05,40.0907,179.691,-11.9866,nominal
1710000762000,S2,C1,14.1223,0.00551928,39.9787,288.72,-12.0199,edfa_aging
1710000762000,S3,C1,18.4455,1.45342e-05,40.0594,180.521,-12.025,nominal
1710000763000,S1,C1,18.5021,1.28823e-05,40.0244,179.696,-11.805,nominal
1710000763000,S2,C1,14.1023,0.00561224,40.0661,289.138,-12.0735,edfa_aging
1710000763000,S3,C1,18.5033,1.28505e-05,40.003,179.806,-12.082,nominal
1710000764000,S1,C1,18.4708,1.37722e-05,40.1401,180.265,-11.9308,nominal
1710000764000,S2,C1,14.1641,0.00532874,39.7965,289.454,-11.9363,edfa_aging
1710000764000,S3,C1,18.4058,1.5802e-05,40.0871,180.509,-12.0374,nominal
1710000765000,S1,C1,18.4219,1.52743e-05,39.948,179.822,-12.0657,nominal
1710000765000,S2,C1,14.0232,0.00599169,39.9165,289.842,-12.031,edfa_aging
1710000765000,S3,C1,18.4661,1.39119e-05,39.8033,180.633,-12.0265,nominal
1710000766000,S1,C1,18.5092,1.26864e-05,40.1168,179.079,-11.9766,nominal
1710000766000,S2,C1,14.103,0.00560926,40.2054,290.361,-11.9898,edfa_aging
1710000766000,S3,C1,18.5564,1.14588e-05,39.6817,179.566,-11.9007,nominal
1710000767000,S1,C1,18.5598,1.13757e-05,39.9758,179.947,-12.0442,nominal
1710000767000,S2,C1,14.087,0.00568416,39.9424,290.203,-12,edfa_aging
1710000767000,S3,C1,18.5911,1.06245e-05,39.8638,180.832,-12.0394,nominal
1710000768000,S1,C1,18.455,1.42429e-05,39.9532,179.612,-12.0116,nominal
1710000768000,S2,C1,14.1286,0.0054902,40.1456,290.435,-12.1099,edfa_aging
1710000768000,S3,C1,18.5224,1.23331e-05,40.1492,180.044,-11.9446,nominal
1710000769000,S1,C1,18.5681,1.11706e-05,40.0359,179.794,-12.1201,nominal
1710000769000,S2,C1,14.0212,0.00600151,39.9662,290.996,-11.9296,edfa_aging
1710000769000,S3,C1,18.3818,1.66153e-05,39.9946,179.138,-12.0667,nominal
1710000770000,S1,C1,18.4436,1.45903e-05,40.0085,179.361,-11.9827,nominal
1710000770000,S2,C1,14.034,0.00593859,39.8859,289.932,-12.0049,edfa_aging
1710000770000,S3,C1,18.569,1.11507e-05,40.0652,180.118,-11.7668,nominal
1710000771000,S1,C1,18.4633,1.39947e-05,39.7574,179.64,-12.1239,nominal
1710000771000,S2,C1,14.166,0.00532038,40.0811,290.788,-12.0408,edfa_aging
1710000771000,S3,C1,18.5294,1.21487e-05,40.0777,180.105,-12.0978,nominal
1710000772000,S1,C1,18.5253,1.22561e-05,40.3295,179.93,-11.9706,nominal
1710000772000,S2,C1,14.0907,0.00566697,40.203,291.075,-11.9671,edfa_aging
1710000772000,S3,C1,18.4929,1.31394e-05,40.0247,180.718,-12.015,nominal
1710000773000,S1,C1,18.5,1.29405e-05,40.0392,179.963,-11.9703,nominal
1710000773000,S2,C1,13.9844,0.00618469,39.9932,291.455,-12.0068,edfa_aging
1710000773000,S3,C1,18.5398,1.1878e-05,40.025,179.26,-11.9914,nominal
1710000774000,S1,C1,18.5345,1.2014e-05,39.764,179.551,-11.9327,nominal
1710000774000,S2,C1,14.0693,0.00576848,39.7979,291.944,-12.0415,edfa_aging
1710000774000,S3,C1,18.5297,1.21392e-05,39.9687,178.782,-12.0117,nominal
1710000775000,S1,C1,18.4629,1.40062e-05,40.1801,179.706,-11.8224,nominal
1710000775000,S2,C1,14.0089,0.00606226,39.8796,291.601,-12.2032,edfa_aging
1710000775000,S3,C1,18.443,1.46112e-05,40.0325,179.973,-11.9343,nominal
1710000776000,S1,C1,18.4484,1.44438e-05,40.0143,179.651,-12.1322,nominal
1710000776000,S2,C1,14.0089,0.00606203,39.9298,290.881,-11.9767,edfa_aging
1710000776000,S3,C1,18.4378,1.47724e-05,40.0483,179.806,-11.9432,nominal
1710000777000,S1,C1,18.4066,1.57734e-05,40.0493,180.042,-12.0954,nominal
1710000777000,S2,C1,13.9776,0.00621898,39.9582,291.664,-11.8779,edfa_aging
1710000777000,S3,C1,18.5545,1.15068e-05,39.9024,179.616,-11.9842,nominal
1710000778000,S1,C1,18.4398,1.4709e-05,40.1248,179.926,-12.0798,nominal
1710000778000,S2,C1,14.0825,0.00570536,39.8532,291.209,-11.9746,edfa_aging
1710000778000,S3,C1,18.3881,1.63974e-05,40.0895,179.999,-11.8522,nominal
1710000779000,S1,C1,18.4462,1.45118e-05,39.8845,179.49,-12.0454,nominal
1710000779000,S2,C1,14.0019,0.00609705,40.1043,291.841,-11.9733,edfa_aging
1710000779000,S3,C1,18.5326,1.20634e-05,39.9997,180.722,-12.04,nominal
1710000780000,S1,C1,18.4287,1.50598e-05,39.5772,180.237,-11.9299,nominal
1710000780000,S2,C1,14.0337,0.00594022,39.834,291.544,-11.9877,edfa_aging
1710000780000,S3,C1,18.5185,1.24357e-05,39.9874,179.984,-12.0063,nominal
1710000781000,S1,C1,18.5154,1.25192e-05,40.0038,179.706,-12.027,nominal
1710000781000,S2,C1,14.0228,0.00599374,40.1493,291.703,-12.0151,edfa_aging
1710000781000,S3,C1,18.5517,1.15752e-05,39.9764,180.374,-12.0143,nominal
1710000782000,S1,C1,18.4668,1.38907e-05,40.0551,180.135,-12.0469,nominal
1710000782000,S2,C1,13.9385,0.0064188,39.8346,292.144,-12.0935,edfa_aging
1710000782000,S3,C1,18.5899,1.0652e-05,40.1318,179.712,-11.9917,nominal
1710000783000,S1,C1,18.4006,1.59753e-05,40.1692,179.618,-12.0903,nominal
1710000783000,S2,C1,13.9723,0.00624545,39.8468,291.905,-11.7594,edfa_aging
1710000783000,S3,C1,18.5698,1.1131e-05,39.9783,179.466,-11.9684,nominal
1710000784000,S1,C1,18.6242,9.88153e-06,39.9053,180.097,-12.0505,nominal
1710000784000,S2,C1,14.0428,0.00589586,40.171,292.306,-11.9727,edfa_aging
1710000784000,S3,C1,18.5808,1.08674e-05,40.1784,179.818,-12.0002,nominal
1710000785000,S1,C1,18.4583,1.41454e-05,39.9788,179.932,-12.0352,nominal
1710000785000,S2,C1,13.9216,0.00650614,40.1071,292.37,-11.9854,edfa_aging
1710000785000,S3,C1,18.5442,1.17648e-05,39.8499,180.75,-12.0336,nominal
1710000786000,S1,C1,18.4372,1.47897e-05,40.0787,180,-12.0085,nominal
1710000786000,S2,C1,14.0074,0.00606954,39.9444,292.726,-11.9362,edfa_aging
1710000786000,S3,C1,18.5286,1.21682e-05,40.0862,180.552,-12.0423,nominal
1710000787000,S1,C1,18.562,1.13209e-05,39.9714,180.177,-12.1145,nominal
1710000787000,S2,C1,13.9851,0.0061809,39.9044,292.393,-11.7954,edfa_aging
1710000787000,S3,C1,18.5569,1.14455e-05,39.7691,180.324,-12.0216,nominal
1710000788000,S1,C1,18.5583,1.14126e-05,39.9814,180.151,-12.0064,nominal
1710000788000,S2,C1,14.0178,0.00601806,39.9617,292.285,-12.1325,edfa_aging
1710000788000,S3,C1,18.503,1.28563e-05,40.0079,179.874,-12.0684,nominal
1710000789000,S1,C1,18.4424,1.46277e-05,40.057,180.043,-11.955,nominal
1710000789000,S2,C1,14.0151,0.00603137,40.0039,292.155,-11.9361,edfa_aging
1710000789000,S3,C1,18.4581,1.41494e-05,39.9248,180.153,-12.05,nominal
1710000790000,S1,C1,18.4263,1.51346e-05,39.8694,180.042,-11.9725,nominal
1710000790000,S2,C1,14.0174,0.0060202,40.0352,293.171,-12.0903,edfa_aging
1710000790000,S3,C1,18.4997,1.29477e-05,39.9316,180.256,-12.0939,nominal
1710000791000,S1,C1,18.45,1.43954e-05,40.2564,179.475,-12.0998,nominal
1710000791000,S2,C1,13.9746,0.00623407,40.1583,293.356,-12.0334,edfa_aging
1710000791000,S3,C1,18.4238,1.52136e-05,39.8449,179.394,-12.1784,nominal
1710000792000,S1,C1,18.5565,1.14572e-05,39.8804,179.949,-11.9348,nominal
1710000792000,S2,C1,13.9798,0.00620758,39.8692,292.797,-11.986,edfa_aging
1710000792000,S3,C1,18.4762,1.36161e-05,39.9961,179.89,-11.9522,nominal
1710000793000,S1,C1,18.4844,1.33785e-05,40.0241,179.112,-11.9361,nominal
1710000793000,S2,C1,13.9272,0.006477,39.9981,292.587,-12.0239,edfa_aging
1710000793000,S3,C1,18.6067,1.02686e-05,40.0811,180.789,-12.0747,nominal
1710000794000,S1,C1,18.4596,1.41061e-05,39.9693,179.092,-11.9764,nominal
1710000794000,S2,C1,13.9307,0.00645881,40.0069,293.728,-11.9803,edfa_aging
1710000794000,S3,C1,18.5295,1.21457e-05,39.7254,179.457,-11.9265,nominal
1710000795000,S1,C1,18.4986,1.29799e-05,39.9125,179.854,-12.0982,nominal
1710000795000,S2,C1,13.998,0.00611623,39.7863,293.582,-12.0425,edfa_aging
1710000795000,S3,C1,18.4948,1.30855e-05,39.9805,180.099,-12.077,nominal
1710000796000,S1,C1,18.5602,1.13647e-05,40.0989,179.889,-12.1178,nominal
1710000796000,S2,C1,13.9188,0.00652104,40.1767,294.002,-11.7698,edfa_aging
1710000796000,S3,C1,18.4736,1.36922e-05,40.0271,179.808,-11.9702,nominal
1710000797000,S1,C1,18.4305,1.50005e-05,40.1702,180.567,-11.9971,nominal
1710000797000,S2,C1,13.9951,0.00613094,40.2552,293.817,-12.0483,edfa_aging
1710000797000,S3,C1,18.4151,1.54971e-05,40.0906,179.866,-12.0973,nominal
1710000798000,S1,C1,18.4808,1.34825e-05,40.2369,180.24,-12.0823,nominal
1710000798000,S2,C1,13.9893,0.00616007,39.9956,294.424,-12.1308,edfa_aging
1710000798000,S3,C1,18.4765,1.36056e-05,40.0529,180.401,-11.9031,nominal
1710000799000,S1,C1,18.4308,1.49909e-05,40.1058,180.415,-12.107,nominal
1710000799000,S2,C1,13.8951,0.00664587,39.7258,294.189,-11.9718,edfa_aging
1710000799000,S3,C1,18.4645,1.3958e-05,39.8383,179.679,-12.067,nominal
1710000800000,S1,C1,18.6086,1.02255e-05,39.9512,179.856,-11.929,nominal
1710000800000,S2,C1,13.9583,0.00631691,39.8702,294.121,-11.9682,edfa_aging
1710000800000,S3,C1,18.5031,1.28536e-05,40.148,180.32,-12.1229,nominal
1710000801000,S1,C1,18.5909,1.06294e-05,40.1478,180.153,-11.9274,nominal
1710000801000,S2,C1,13.8852,0.00669832,40.1398,294.659,-12.1044,edfa_aging
1710000801000,S3,C1,18.5071,1.27455e-05,39.8697,179.991,-12.0371,nominal
1710000802000,S1,C1,18.5476,1.16808e-05,39.8016,180.438,-11.9489,nominal
1710000802000,S2,C1,13.9382,0.00641992,39.6817,293.931,-11.9017,edfa_aging
1710000802000,S3,C1,18.4996,1.29517e-05,40.0733,180.452,-12.0837,nominal
1710000803000,S1,C1,18.4933,1.31267e-05,40.0255,180.188,-11.8956,nominal
1710000803000,S2,C1,13.878,0.00673714,39.6867,294.475,-12.0038,edfa_aging
1710000803000,S3,C1,18.4075,1.57443e-05,40.028,179.66,-11.7794,nominal
1710000804000,S1,C1,18.533,1.20553e-05,40.0965,180.12,-11.9281,nominal
1710000804000,S2,C1,13.929,0.00646801,39.9151,294.654,-11.9009,edfa_aging
1710000804000,S3,C1,18.5753,1.09978e-05,39.9125,180.484,-12.0952,nominal
1710000805000,S1,C1,18.3949,1.61667e-05,40.1026,180.022,-12.0926,nominal
1710000805000,S2,C1,13.9162,0.00653478,40.0654,294.597,-11.9343,edfa_aging
1710000805000,S3,C1,18.5248,1.22702e-05,39.8636,179.996,-11.9402,nominal
1710000806000,S1,C1,18.5138,1.25624e-05,39.845,179.619,-11.9086,nominal
1710000806000,S2,C1,13.8514,0.00688099,40.1209,294.963,-11.8549,edfa_aging
1710000806000,S3,C1,18.5031,1.28561e-05,39.9671,179.786,-12.1951,nominal
1710000807000,S1,C1,18.4332,1.49162e-05,39.7928,179.63,-11.9906,nominal
1710000807000,S2,C1,14.0011,0.00610083,40.1492,294.786,-11.9655,edfa_aging
1710000807000,S3,C1,18.4864,1.33234e-05,40.2134,179.706,-11.944,nominal
1710000808000,S1,C1,18.4338,1.48983e-05,40.2665,179.418,-11.9648,nominal
1710000808000,S2,C1,13.9424,0.0063985,39.628,294.394,-12.0491,edfa_aging
1710000808000,S3,C1,18.5245,1.22783e-05,40.0945,179.186,-12.1088,nominal
1710000809000,S1,C1,18.4648,1.39512e-05,39.9403,180.145,-11.8749,nominal
1710000809000,S2,C1,13.8102,0.00710798,39.902,295.948,-12.0199,edfa_aging
1710000809000,S3,C1,18.5646,1.1257e-05,39.9128,180.398,-12.0349,nominal
1710000810000,S1,C1,18.4825,1.34343e-05,39.7697,179.878,-11.9648,nominal
1710000810000,S2,C1,13.9029,0.00660438,39.8424,295.275,-11.9767,edfa_aging
1710000810000,S3,C1,18.5326,1.20639e-05,40.1076,179.687,-12.0868,nominal
1710000811000,S1,C1,18.5287,1.21662e-05,39.8306,179.719,-11.8744,nominal
1710000811000,S2,C1,13.8599,0.00683448,39.8406,295.285,-12.0137,edfa_aging
1710000811000,S3,C1,18.4443,1.45706e-05,40.2476,180.488,-11.9599,nominal
1710000812000,S1,C1,18.535,1.20013e-05,40.0183,180.126,-11.9956,nominal
1710000812000,S2,C1,13.979,0.00621154,40.1112,294.94,-12.0134,edfa_aging
1710000812000,S3,C1,18.4395,1.47191e-05,40.3215,180.947,-12.0669,nominal
1710000813000,S1,C1,18.5131,1.2581e-05,40.193,179.76,-12.0306,nominal
1710000813000,S2,C1,13.8696,0.00678246,40.0565,295.632,-11.942,edfa_aging
1710000813000,S3,C1,18.384,1.65394e-05,39.743,179.337,-11.9915,nominal
1710000814000,S1,C1,18.4528,1.43106e-05,40.0153,180.4,-12.0566,nominal
1710000814000,S2,C1,13.8877,0.00668499,39.8783,295.649,-11.9666,edfa_aging
1710000814000,S3,C1,18.508,1.27209e-05,40.1078,180.113,-11.9648,nominal
1710000815000,S1,C1,18.5338,1.20334e-05,40.1956,180.742,-12.011,nominal
1710000815000,S2,C1,13.8547,0.00686292,40.0269,295.273,-11.9994,edfa_aging
1710000815000,S3,C1,18.5372,1.19462e-05,40.1236,179.705,-11.952,nominal
1710000816000,S1,C1,18.494,1.31092e-05,40.0492,180.167,-12.1345,nominal
1710000816000,S2,C1,13.8909,0.00666815,40.0247,296.415,-12.0775,edfa_aging
1710000816000,S3,C1,18.5621,1.13181e-05,39.8791,180.035,-12.0189,nominal
1710000817000,S1,C1,18.559,1.13943e-05,40.0858,179.716,-12.0051,nominal
1710000817000,S2,C1,13.8283,0.00700731,40.1879,296.436,-12.0832,edfa_aging
1710000817000,S3,C1,18.5078,1.27271e-05,39.721,180.175,-11.8928,nominal
1710000818000,S1,C1,18.4541,1.42694e-05,40.1624,179.399,-12.0098,nominal
1710000818000,S2,C1,13.8058,0.00713205,39.9086,295.442,-11.9625,edfa_aging
1710000818000,S3,C1,18.5417,1.183e-05,40.1883,179.482,-11.8928,nominal
1710000819000,S1,C1,18.3618,1.73209e-05,39.9581,180.784,-12.0428,nominal
1710000819000,S2,C1,13.8216,0.0070446,40.0895,296.591,-11.8982,edfa_aging
1710000819000,S3,C1,18.455,1.42424e-05,39.9305,180.411,-12.0523,nominal
1710000820000,S1,C1,18.4762,1.36167e-05,40.0587,180.168,-12.1785,nominal
1710000820000,S2,C1,13.8209,0.00704827,39.8837,296.093,-11.9228,edfa_aging
1710000820000,S3,C1,18.5266,1.22213e-05,39.7579,179.916,-11.969,nominal
1710000821000,S1,C1,18.6076,1.02489e-05,39.9559,179.526,-12.1718,nominal
1710000821000,S2,C1,13.869,0.0067857,40.0615,296.813,-12.1118,edfa_aging
1710000821000,S3,C1,18.4943,1.31006e-05,39.8399,180.657,-11.9215,nominal
1710000822000,S1,C1,18.5234,1.23049e-05,39.9183,180.415,-11.9437,nominal
1710000822000,S2,C1,13.8378,0.00695533,39.9888,296.821,-11.9911,edfa_aging
1710000822000,S3,C1,18.4671,1.38823e-05,40.1091,180,-11.8258,nominal
1710000823000,S1,C1,18.4903,1.32125e-05,40.1121,179.332,-12.0767,nominal
1710000823000,S2,C1,13.8069,0.00712603,40.035,297.13,-11.9709,edfa_aging
1710000823000,S3,C1,18.4163,1.54563e-05,40.3262,180.074,-12.0545,nominal
1710000824000,S1,C1,18.5442,1.17664e-05,39.8903,179.817,-11.8905,nominal
1710000824000,S2,C1,13.8045,0.00713953,39.9951,297.056,-11.9192,edfa_aging
1710000824000,S3,C1,18.5578,1.14237e-05,40.139,180.006,-11.9335,nominal
1710000825000,S1,C1,18.5252,1.22597e-05,40.0253,179.897,-12.0572,nominal
1710000825000,S2,C1,13.7749,0.00730663,40.2265,297.53,-11.9542,edfa_aging
1710000825000,S3,C1,18.3875,1.64186e-05,39.8714,181.143,-11.9812,nominal
1710000826000,S1,C1,18.5231,1.2315e-05,39.8944,179.849,-11.9714,nominal
1710000826000,S2,C1,13.8227,0.00703858,39.8918,296.92,-12.038,edfa_aging
1710000826000,S3,C1,18.5313,1.20994e-05,40.1897,179.8,-12.0667,nominal
1710000827000,S1,C1,18.4743,1.36702e-05,39.9994,179.541,-12.1157,nominal
1710000827000,S2,C1,13.7106,0.00767942,39.858,297.025,-12.0751,edfa_aging
1710000827000,S3,C1,18.4599,1.40964e-05,39.72,179.032,-11.9903,nominal
1710000828000,S1,C1,18.5038,1.28353e-05,39.9335,180.938,-12.0511,nominal
1710000828000,S2,C1,13.7966,0.00718362,39.9159,297.139,-12.0404,edfa_aging
1710000828000,S3,C1,18.5303,1.21248e-05,40.1487,180.388,-12.115,nominal
1710000829000,S1,C1,18.5101,1.26643e-05,40.1765,179.834,-12.0177,nominal
1710000829000,S2,C1,13.8626,0.00682018,40.0713,297.201,-12.0058,edfa_aging
1710000829000,S3,C1,18.4723,1.37307e-05,40.1385,180.034,-12.0232,nominal
1710000830000,S1,C1,18.4679,1.38594e-05,40.0239,180.143,-11.9537,nominal
1710000830000,S2,C1,13.7812,0.0072709,40.11,298.345,-12.0406,edfa_aging
1710000830000,S3,C1,18.5375,1.19374e-05,40.2686,180.348,-11.8261,nominal
1710000831000,S1,C1,18.4441,1.45774e-05,40.0233,180.006,-11.8655,nominal
1710000831000,S2,C1,13.7624,0.0073781,39.9955,297.659,-11.8594,edfa_aging
1710000831000,S3,C1,18.489,1.3249e-05,40.1471,180.483,-11.9328,nominal
1710000832000,S1,C1,18.507,1.27491e-05,40.2586,179.359,-11.923,nominal
1710000832000,S2,C1,13.793,0.00720408,39.9045,298.206,-11.8296,edfa_aging
1710000832000,S3,C1,18.4476,1.44682e-05,40.1712,180.618,-11.8958,nominal
1710000833000,S1,C1,18.5484,1.16589e-05,39.5767,179.775,-12.1161,nominal
1710000833000,S2,C1,13.7402,0.00750609,39.9438,297.906,-12.0169,edfa_aging
1710000833000,S3,C1,18.474,1.36807e-05,40.0183,180.1,-11.9591,nominal
1710000834000,S1,C1,18.5324,1.20707e-05,39.8429,180.075,-11.9995,nominal
1710000834000,S2,C1,13.7446,0.00748057,39.9024,297.877,-12.0146,edfa_aging
1710000834000,S3,C1,18.4192,1.53619e-05,39.9514,180.188,-12.0206,nominal
1710000835000,S1,C1,18.5247,1.22718e-05,39.5987,180.361,-12.0135,nominal
1710000835000,S2,C1,13.8123,0.00709587,40.081,298.39,-12.1291,edfa_aging
1710000835000,S3,C1,18.5135,1.25713e-05,40.0065,180.457,-12.0836,nominal
1710000836000,S1,C1,18.5252,1.22582e-05,40.0081,179.856,-12.051,nominal
1710000836000,S2,C1,13.7424,0.00749325,40.0046,297.866,-11.8787,edfa_aging
1710000836000,S3,C1,18.5518,1.15738e-05,40.29,180.57,-12.1541,nominal
1710000837000,S1,C1,18.6292,9.77273e-06,40.0746,180.138,-11.953,nominal
1710000837000,S2,C1,13.8675,0.00679352,40.0415,298.498,-11.9327,edfa_aging
1710000837000,S3,C1,18.5207,1.23776e-05,39.9174,179.444,-12.104,nominal
1710000838000,S1,C1,18.513,1.25848e-05,40.105,179.859,-11.8738,nominal
1710000838000,S2,C1,13.7926,0.00720639,40.0169,298.844,-11.9177,edfa_aging
1710000838000,S3,C1,18.5051,1.28005e-05,39.9944,180.776,-11.8319,nominal
1710000839000,S1,C1,18.5521,1.15664e-05,40.0484,180.226,-12.0365,nominal
1710000839000,S2,C1,13.7564,0.00741219,40.0188,298.481,-12.0201,edfa_aging
1710000839000,S3,C1,18.5642,1.12665e-05,39.9337,179.55,-12.049,nominal
1710000840000,S1,C1,18.5979,1.04693e-05,39.877,179.013,-11.9106,nominal
1710000840000,S2,C1,13.7265,0.00758555,40.1785,298.608,-12.0169,edfa_aging
1710000840000,S3,C1,18.4415,1.46574e-05,40.1038,180.093,-11.9873,nominal
1710000841000,S1,C1,18.5027,1.28672e-05,40.2704,180.231,-11.8883,nominal
1710000841000,S2,C1,13.7405,0.0075043,39.936,298.49,-12.0202,edfa_aging
1710000841000,S3,C1,18.5275,1.2197e-05,40.0751,180.477,-11.9119,nominal
1710000842000,S1,C1,18.5132,1.25785e-05,40.053,179.747,-12.085,nominal
1710000842000,S2,C1,13.636,0.0081289,40.07,299.028,-11.9962,edfa_aging
1710000842000,S3,C1,18.5003,1.29335e-05,40.3082,179.799,-12.0989,nominal
1710000843000,S1,C1,18.5522,1.15638e-05,39.9678,179.764,-11.8581,nominal
1710000843000,S2,C1,13.7572,0.0074076,40.075,299.23,-11.933,edfa_aging
1710000843000,S3,C1,18.4763,1.36141e-05,40.3293,179.796,-11.9662,nominal
1710000844000,S1,C1,18.5844,1.07822e-05,39.8385,178.866,-11.865,nominal
1710000844000,S2,C1,13.7853,0.00724761,39.8994,299.384,-11.9034,edfa_aging
1710000844000,S3,C1,18.5273,1.22043e-05,40.1734,180.623,-12.0943,nominal
1710000845000,S1,C1,18.5157,1.2513e-05,40.0694,179.572,-11.9763,nominal
1710000845000,S2,C1,13.7654,0.00736072,40.2483,298.902,-12.0226,edfa_aging
1710000845000,S3,C1,18.4426,1.46234e-05,40.1379,180.61,-12.0115,nominal
1710000846000,S1,C1,18.5182,1.2446e-05,39.9324,180.237,-11.8632,nominal
1710000846000,S2,C1,13.7112,0.00767538,40.0396,299.172,-12.0814,edfa_aging
1710000846000,S3,C1,18.4931,1.31331e-05,39.9842,179.426,-12.1074,nominal
1710000847000,S1,C1,18.5045,1.28152e-05,39.9384,180.911,-11.9799,nominal
1710000847000,S2,C1,13.7594,0.00739497,39.8373,298.929,-11.8899,edfa_aging
1710000847000,S3,C1,18.5167,1.24854e-05,39.781,179.983,-11.8552,nominal
1710000848000,S1,C1,18.4397,1.47119e-05,40.0367,179.715,-11.9078,nominal
1710000848000,S2,C1,13.7565,0.00741183,40.1464,299.519,-12.1826,edfa_aging
1710000848000,S3,C1,18.4416,1.46542e-05,40.0293,180.166,-11.9742,nominal
1710000849000,S1,C1,18.5559,1.14719e-05,40.0381,179.733,-11.9478,nominal
1710000849000,S2,C1,13.7141,0.00765879,40.0875,299.743,-11.9668,edfa_aging
1710000849000,S3,C1,18.4881,1.32742e-05,40.0107,180.597,-11.8855,nominal
1710000850000,S1,C1,18.4874,1.32948e-05,39.882,180.19,-12.069,nominal
1710000850000,S2,C1,13.734,0.007542,40.1082,299.617,-12.0614,edfa_aging
1710000850000,S3,C1,18.5261,1.22341e-05,39.835,180.178,-12.0789,nominal
1710000851000,S1,C1,18.4141,1.55296e-05,40.193,180.109,-11.979,nominal
1710000851000,S2,C1,13.7643,0.00736693,39.9733,299.629,-12.0014,edfa_aging
1710000851000,S3,C1,18.5474,1.16842e-05,40.0373,180.387,-11.9725,nominal
1710000852000,S1,C1,18.4928,1.31417e-05,39.8545,179.762,-12.0134,nominal
1710000852000,S2,C1,13.7313,0.00755761,39.951,299.921,-12.1016,edfa_aging
1710000852000,S3,C1,18.4527,1.43126e-05,40.1505,180.191,-12.0741,nominal
1710000853000,S1,C1,18.4136,1.55432e-05,39.8371,179.929,-12.0395,nominal
1710000853000,S2,C1,13.6856,0.00782782,40.0258,299.974,-12.0571,edfa_aging
1710000853000,S3,C1,18.5448,1.17507e-05,39.8712,180.336,-11.7811,nominal
1710000854000,S1,C1,18.4498,1.44024e-05,40.0506,179.844,-12.0922,nominal
1710000854000,S2,C1,13.7011,0.00773531,39.8028,300.145,-11.9803,edfa_aging
1710000854000,S3,C1,18.4851,1.33599e-05,40.1372,181.08,-12.0312,nominal
1710000855000,S1,C1,18.5011,1.29114e-05,40.0234,180.242,-12.0624,nominal
1710000855000,S2,C1,13.7041,0.00771748,40.0271,299.78,-12.0403,edfa_aging
1710000855000,S3,C1,18.5045,1.28167e-05,40.0664,180.281,-11.9765,nominal
1710000856000,S1,C1,18.4542,1.42691e-05,40.0146,180.311,-12.0987,nominal
1710000856000,S2,C1,13.6125,0.00827397,40.0129,299.827,-11.9426,edfa_aging
1710000856000,S3,C1,18.4724,1.37261e-05,39.9232,180.215,-11.9311,nominal
1710000857000,S1,C1,18.5538,1.15247e-05,39.9422,180.695,-11.9089,nominal
1710000857000,S2,C1,13.695,0.00777134,40.1338,300.062,-12.1198,edfa_aging
1710000857000,S3,C1,18.5389,1.19026e-05,40.0215,179.406,-12.039,nominal
1710000858000,S1,C1,18.4268,1.5119e-05,40.0101,180.361,-12.1568,nominal
1710000858000,S2,C1,13.6782,0.00787181,39.9708,299.997,-12.0177,edfa_aging
1710000858000,S3,C1,18.4646,1.39564e-05,40.1179,179.591,-11.9407,nominal
1710000859000,S1,C1,18.5135,1.25723e-05,39.9192,180.262,-11.9938,nominal
1710000859000,S2,C1,13.5725,0.0085259,40.0907,300.572,-11.982,edfa_aging
1710000859000,S3,C1,18.514,1.25583e-05,39.9775,179.448,-12.0158,nominal
1710000860000,S1,C1,18.5282,1.21792e-05,39.7562,180.06,-12.0489,nominal
1710000860000,S2,C1,13.5913,0.00840676,39.7929,301.339,-11.9561,edfa_aging
1710000860000,S3,C1,18.5188,1.24293e-05,39.9955,179.989,-11.9898,nominal
1710000861000,S1,C1,18.5734,1.10441e-05,40.1137,180.37,-12.1,nominal
1710000861000,S2,C1,13.7626,0.00737661,39.8892,300.683,-11.9149,edfa_aging
1710000861000,S3,C1,18.5376,1.19355e-05,40.2025,179.877,-12.0624,nominal
1710000862000,S1,C1,18.5465,1.17076e-05,39.8513,179.606,-11.9419,nominal
1710000862000,S2,C1,13.674,0.00789726,40.1157,300.099,-11.9064,edfa_aging
1710000862000,S3,C1,18.4479,1.44607e-05,40.0886,179.707,-11.9337,nominal
1710000863000,S1,C1,18.5121,1.261e-05,39.9689,180.855,-12.0638,nominal
1710000863000,S2,C1,13.7321,0.00755304,40.2153,300.526,-11.7479,edfa_aging
1710000863000,S3,C1,18.5385,1.19115e-05,40.0854,180.285,-11.8887,nominal
1710000864000,S1,C1,18.5044,1.28182e-05,40.1128,180.11,-11.9033,nominal
1710000864000,S2,C1,13.6424,0.00808917,40.1319,300.546,-11.8942,edfa_aging
1710000864000,S3,C1,18.5015,1.28997e-05,39.9292,179.379,-12.1202,nominal
1710000865000,S1,C1,18.4975,1.30101e-05,40.0067,180.56,-12.0143,nominal
1710000865000,S2,C1,13.7338,0.00754298,39.781,301.23,-12.0157,edfa_aging
1710000865000,S3,C1,18.5724,1.10676e-05,40.1106,180.083,-11.9912,nominal
1710000866000,S1,C1,18.5574,1.14349e-05,40.4144,179.682,-11.9733,nominal
1710000866000,S2,C1,13.6818,0.00785058,39.8486,301.219,-11.8495,edfa_aging
1710000866000,S3,C1,18.4826,1.34306e-05,40.2301,179.935,-12.0289,nominal
1710000867000,S1,C1,18.4676,1.3867e-05,39.793,180.409,-12.0104,nominal
1710000867000,S2,C1,13.6154,0.00825614,39.9099,301.925,-11.8206,edfa_aging
1710000867000,S3,C1,18.4714,1.37557e-05,39.8632,179.669,-11.9806,nominal
1710000868000,S1,C1,18.5265,1.2224e-05,39.8906,180.158,-11.9479,nominal
1710000868000,S2,C1,13.6596,0.00798441,40.1819,301.365,-12.0183,edfa_aging
1710000868000,S3,C1,18.4969,1.30259e-05,39.7567,179.637,-11.933,nominal
1710000869000,S1,C1,18.4958,1.30576e-05,40.016,179.925,-11.9248,nominal
1710000869000,S2,C1,13.7202,0.00762289,39.9108,301.363,-11.9353,edfa_aging
1710000869000,S3,C1,18.4841,1.33869e-05,39.884,179.8,-12.0152,nominal
1710000870000,S1,C1,18.5125,1.25976e-05,40.2062,179.733,-12.0359,nominal
1710000870000,S2,C1,13.7575,0.00740609,40.0344,302.013,-11.9282,edfa_aging
1710000870000,S3,C1,18.4913,1.31847e-05,39.9848,180.321,-12.0052,nominal
1710000871000,S1,C1,18.4874,1.32947e-05,39.9653,179.649,-12.0007,nominal
1710000871000,S2,C1,13.6601,0.00798141,40.068,301.238,-12.0568,edfa_aging
1710000871000,S3,C1,18.4363,1.48183e-05,39.8533,180.377,-11.9958,nominal
1710000872000,S1,C1,18.6073,1.02556e-05,39.7878,180.715,-11.8592,nominal
1710000872000,S2,C1,13.6083,0.00830033,40.0674,301.7,-11.9638,edfa_aging
1710000872000,S3,C1,18.3956,1.61423e-05,39.7497,179.386,-12.0088,nominal
1710000873000,S1,C1,18.4677,1.38654e-05,40.1739,180.485,-12.0459,nominal
1710000873000,S2,C1,13.5836,0.00845522,39.9787,302.257,-12.0898,edfa_aging
1710000873000,S3,C1,18.4263,1.51359e-05,40.2519,180.027,-11.951,nominal
1710000874000,S1,C1,18.5132,1.25795e-05,39.8641,180.045,-11.8551,nominal
1710000874000,S2,C1,13.6574,0.00799795,40.0483,301.998,-12.1185,edfa_aging
1710000874000,S3,C1,18.4701,1.37939e-05,39.941,179.724,-12.0907,nominal
1710000875000,S1,C1,18.5143,1.25483e-05,39.9725,180.077,-12.0315,nominal
1710000875000,S2,C1,13.674,0.00789744,40.1245,302.163,-11.897,edfa_aging
1710000875000,S3,C1,18.5211,1.23684e-05,39.8811,180.388,-12.0086,nominal
1710000876000,S1,C1,18.531,1.21073e-05,40.1344,179.71,-12.0446,nominal
1710000876000,S2,C1,13.6228,0.0082103,40.0245,301.726,-11.9111,edfa_aging
1710000876000,S3,C1,18.484,1.33905e-05,39.5709,180.5,-11.9734,nominal
1710000877000,S1,C1,18.5231,1.23145e-05,39.9016,179.269,-12.135,nominal
1710000877000,S2,C1,13.6066,0.00831077,39.9934,301.576,-11.8395,edfa_aging
1710000877000,S3,C1,18.4516,1.43466e-05,40.1405,180.359,-11.9058,nominal
1710000878000,S1,C1,18.5218,1.23486e-05,39.9342,179.287,-12.0679,nominal
1710000878000,S2,C1,13.6491,0.00804817,40.1161,302.16,-12.0734,edfa_aging
1710000878000,S3,C1,18.4918,1.31701e-05,39.7698,180.221,-11.8546,nominal
1710000879000,S1,C1,18.5497,1.16273e-05,40.075,179.758,-12.1394,nominal
1710000879000,S2,C1,13.629,0.00817171,40.223,302.767,-12.0258,edfa_aging
1710000879000,S3,C1,18.5027,1.28666e-05,40.2018,180.281,-11.9808,nominal
1710000880000,S1,C1,18.4253,1.51654e-05,39.9712,179.938,-12.0457,nominal
1710000880000,S2,C1,13.6206,0.00822347,40.3633,302.249,-12.0583,edfa_aging
1710000880000,S3,C1,18.6376,9.59279e-06,40.0887,179.294,-11.9958,nominal
1710000881000,S1,C1,18.5011,1.29105e-05,40.0447,179.533,-11.9446,nominal
1710000881000,S2,C1,13.5209,0.00885887,39.8348,302.133,-12.018,edfa_aging
1710000881000,S3,C1,18.5635,1.12837e-05,40.0361,180.19,-12.0939,nominal
1710000882000,S1,C1,18.4389,1.47369e-05,39.8596,180.317,-12.0049,nominal
1710000882000,S2,C1,13.5771,0.00849653,40.0421,302.04,-12.1113,edfa_aging
1710000882000,S3,C1,18.509,1.26944e-05,39.9711,180.129,-12.0768,nominal
1710000883000,S1,C1,18.5122,1.26054e-05,39.9836,180.206,-12.0482,nominal
1710000883000,S2,C1,13.6842,0.00783591,40.0173,303.494,-12.168,edfa_aging
1710000883000,S3,C1,18.4268,1.51173e-05,40.148,179.935,-11.9739,nominal
1710000884000,S1,C1,18.4415,1.46576e-05,39.8376,180.064,-12.0822,nominal
1710000884000,S2,C1,13.5854,0.0084439,39.8407,302.219,-11.8657,edfa_aging
1710000884000,S3,C1,18.4908,1.31985e-05,39.9178,179.708,-12.0143,nominal
1710000885000,S1,C1,18.4526,1.43159e-05,39.7677,179.299,-12.055,nominal
1710000885000,S2,C1,13.7039,0.00771903,39.9598,302.687,-11.9853,edfa_aging
1710000885000,S3,C1,18.4843,1.33814e-05,40.0593,179.515,-11.9548,nominal
1710000886000,S1,C1,18.4976,1.30076e-05,40.2646,179.914,-12.1164,nominal
1710000886000,S2,C1,13.5982,0.00836347,39.9017,302.565,-12.0782,edfa_aging
1710000886000,S3,C1,18.5273,1.22025e-05,39.9282,179.67,-12.2004,nominal
1710000887000,S1,C1,18.5704,1.11148e-05,40.0693,179.988,-12.1016,nominal
1710000887000,S2,C1,13.561,0.00859948,39.8572,303.386,-12.0147,edfa_aging
1710000887000,S3,C1,18.6057,1.02913e-05,39.9559,179.756,-12.0491,nominal
1710000888000,S1,C1,18.5295,1.21455e-05,40.1385,179.497,-11.8442,nominal
1710000888000,S2,C1,13.5857,0.00844231,39.9114,302.537,-11.9236,edfa_aging
1710000888000,S3,C1,18.4963,1.30432e-05,40.2405,178.94,-11.9893,nominal
1710000889000,S1,C1,18.5155,1.25181e-05,39.8558,179.128,-11.9808,nominal
1710000889000,S2,C1,13.5981,0.00836412,40.0931,302.743,-12.0416,edfa_aging
1710000889000,S3,C1,18.4011,1.59592e-05,40.1715,179.962,-12.0223,nominal
1710000890000,S1,C1,18.5708,1.11059e-05,39.9966,180.764,-12.0733,nominal
1710000890000,S2,C1,13.5283,0.00881102,39.8491,303.473,-11.9655,edfa_aging
1710000890000,S3,C1,18.4938,1.31145e-05,39.8623,180.09,-12.0328,nominal
1710000891000,S1,C1,18.4534,1.42923e-05,39.97,180.248,-11.9463,nominal
1710000891000,S2,C1,13.5728,0.00852375,39.9225,302.844,-11.9678,edfa_aging
1710000891000,S3,C1,18.4157,1.54748e-05,39.8729,180.651,-12.0778,nominal
1710000892000,S1,C1,18.396,1.61278e-05,39.7877,179.846,-11.88,nominal
1710000892000,S2,C1,13.5362,0.00875944,39.9799,303.781,-11.9456,edfa_aging
1710000892000,S3,C1,18.5415,1.18339e-05,40.0092,180.665,-12.0339,nominal
1710000893000,S1,C1,18.4795,1.35212e-05,40.0827,180.637,-12.051,nominal
1710000893000,S2,C1,13.6261,0.00818974,39.8533,304.135,-11.9392,edfa_aging
1710000893000,S3,C1,18.5549,1.14966e-05,39.9832,180.207,-12.0487,nominal
1710000894000,S1,C1,18.4868,1.33125e-05,39.8924,180.443,-12.0087,nominal
1710000894000,S2,C1,13.527,0.00881892,39.8184,303.803,-12.0802,edfa_aging
1710000894000,S3,C1,18.5164,1.2492e-05,40.0778,180.041,-12.0514,nominal
1710000895000,S1,C1,18.5624,1.13108e-05,39.9703,180.179,-12.1005,nominal
1710000895000,S2,C1,13.5521,0.00865676,39.7645,302.842,-12.0071,edfa_aging
1710000895000,S3,C1,18.4254,1.51623e-05,39.9458,180.024,-11.9983,nominal
1710000896000,S1,C1,18.6076,1.02475e-05,39.7731,180.09,-12.1277,nominal
1710000896000,S2,C1,13.4674,0.00921404,39.8873,303.682,-11.9779,edfa_aging
1710000896000,S3,C1,18.4908,1.3197e-05,39.8454,180.37,-11.9473,nominal
1710000897000,S1,C1,18.4342,1.4885e-05,40.1496,180.311,-11.8897,nominal
1710000897000,S2,C1,13.4706,0.00919247,40.2027,303.929,-11.9791,edfa_aging
1710000897000,S3,C1,18.5604,1.1359e-05,40.1278,180.436,-12.0094,nominal
1710000898000,S1,C1,18.6245,9.87346e-06,40.1145,180.584,-11.7259,nominal
1710000898000,S2,C1,13.5307,0.00879487,39.7479,304.652,-12.0342,edfa_aging
1710000898000,S3,C1,18.4496,1.44068e-05,39.9694,179.384,-12.0896,nominal
1710000899000,S1,C1,18.5789,1.09118e-05,40.0595,180.028,-12.0592,nominal
1710000899000,S2,C1,13.486,0.00908986,40.1203,304.815,-12.1448,edfa_aging
1710000899000,S3,C1,18.4702,1.37905e-05,40.1067,180.328,-11.8895,nominal
1710000900000,S1,C1,18.5426,1.18064e-05,39.8642,179.908,-12.1301,nominal
1710000900000,S2,C1,13.5134,0.00890837,39.861,304.702,-11.9891,edfa_aging
1710000900000,S3,C1,18.5126,1.25952e-05,39.8668,179.823,-12.0651,nominal
1710000901000,S1,C1,18.5191,1.24209e-05,39.9198,180.232,-11.8865,nominal
1710000901000,S2,C1,13.5362,0.00875912,39.8574,304.412,-12.0343,edfa_aging
1710000901000,S3,C1,18.5247,1.22717e-05,40.2315,180.01,-11.998,nominal
1710000902000,S1,C1,18.622,9.92906e-06,40.1839,178.874,-11.9154,nominal
1710000902000,S2,C1,13.549,0.00867683,40.1089,304.386,-11.9936,edfa_aging
1710000902000,S3,C1,18.5038,1.28345e-05,40.0448,179.869,-11.9749,nominal
1710000903000,S1,C1,18.5047,1.28103e-05,39.9591,180.035,-11.9619,nominal
1710000903000,S2,C1,13.447,0.00935209,40.0768,304.529,-12.0005,edfa_aging
1710000903000,S3,C1,18.5169,1.248e-05,40.0424,180.163,-12.006,nominal
1710000904000,S1,C1,18.477,1.35923e-05,40.0407,179.837,-11.8822,nominal
1710000904000,S2,C1,13.5046,0.00896649,40.0893,304.407,-12.0132,edfa_aging
1710000904000,S3,C1,18.5103,1.26577e-05,40.0605,179.605,-12.111,nominal
1710000905000,S1,C1,18.5076,1.273e-05,40.0217,179.993,-12.0271,nominal
1710000905000,S2,C1,13.5434,0.00871248,39.9942,304.57,-12.0711,edfa_aging
1710000905000,S3,C1,18.4709,1.37705e-05,39.7643,180.028,-12.051,nominal
1710000906000,S1,C1,18.4322,1.49464e-05,39.8328,179.926,-11.9779,nominal
1710000906000,S2,C1,13.473,0.00917665,40.1215,304.599,-12.0638,edfa_aging
1710000906000,S3,C1,18.4958,1.30568e-05,40.1094,179.412,-12.1253,nominal
1710000907000,S1,C1,18.5243,1.22824e-05,40.2292,180.135,-11.9368,nominal
1710000907000,S2,C1,13.4382,0.00941259,39.903,304.911,-12.0669,edfa_aging
1710000907000,S3,C1,18.5141,1.25538e-05,39.9242,180.422,-11.8839,nominal
1710000908000,S1,C1,18.4952,1.3074e-05,39.703,180.042,-12.0251,nominal
1710000908000,S2,C1,13.4652,0.0092291,40.046,305.518,-11.9581,edfa_aging
1710000908000,S3,C1,18.4454,1.45365e-05,39.8323,180.353,-12.0775,nominal
1710000909000,S1,C1,18.5172,1.24707e-05,40.0342,180.027,-11.9619,nominal
1710000909000,S2,C1,13.5775,0.00849412,40.1368,304.56,-12.0408,edfa_aging
1710000909000,S3,C1,18.5097,1.26741e-05,40.0613,179.859,-11.867,nominal
1710000910000,S1,C1,18.5187,1.2431e-05,39.9875,179.947,-12.0191,nominal
1710000910000,S2,C1,13.4937,0.00903816,39.9886,305.924,-12.0334,edfa_aging
1710000910000,S3,C1,18.5049,1.28064e-05,40.264,179.97,-11.9452,nominal
1710000911000,S1,C1,18.4478,1.44637e-05,39.7579,180.181,-11.9637,nominal
1710000911000,S2,C1,13.5672,0.0085599,39.8694,305.518,-11.9854,edfa_aging
1710000911000,S3,C1,18.5231,1.23151e-05,39.8963,179.762,-11.9412,nominal
1710000912000,S1,C1,18.5665,1.12101e-05,40.0504,179.797,-11.9872,nominal
1710000912000,S2,C1,13.4705,0.0091932,40.2401,305.717,-12,edfa_aging
1710000912000,S3,C1,18.5174,1.24665e-05,40.2375,180.296,-12.0006,nominal
1710000913000,S1,C1,18.45,1.43963e-05,40.0786,180.393,-12.1585,nominal
1710000913000,S2,C1,13.5419,0.0087225,39.9627,305.431,-12.0654,edfa_aging
1710000913000,S3,C1,18.4475,1.44704e-05,39.6671,180.236,-12.0855,nominal
1710000914000,S1,C1,18.5451,1.17426e-05,40.0084,179.327,-11.9929,nominal
1710000914000,S2,C1,13.4068,0.00962906,39.852,305.509,-11.9551,edfa_aging
1710000914000,S3,C1,18.4371,1.47943e-05,40.0484,179.841,-12.0328,nominal
1710000915000,S1,C1,18.421,1.53031e-05,39.8764,180.081,-12.1146,nominal
1710000915000,S2,C1,13.4629,0.00924468,40.088,306.106,-12.0179,edfa_aging
1710000915000,S3,C1,18.5125,1.2598e-05,39.912,179.941,-12.0158,nominal
1710000916000,S1,C1,18.5193,1.24155e-05,40.0681,180.181,-12.0683,nominal
1710000916000,S2,C1,13.4765,0.00915329,40.1824,305.547,-11.9672,edfa_aging
1710000916000,S3,C1,18.4925,1.31508e-05,40.0407,180.119,-11.8255,nominal
1710000917000,S1,C1,18.4597,1.41014e-05,40.1678,179.492,-12.1333,nominal
1710000917000,S2,C1,13.5565,0.00862814,40.0796,305.423,-12.1073,edfa_aging
1710000917000,S3,C1,18.505,1.28018e-05,40.3275,179.71,-11.9705,nominal
1710000918000,S1,C1,18.5029,1.28614e-05,40.0338,179.828,-11.935,nominal
1710000918000,S2,C1,13.4888,0.00907113,39.8209,305.852,-12.0902,edfa_aging
1710000918000,S3,C1,18.4718,1.37432e-05,40.105,180.131,-12.0894,nominal
1710000919000,S1,C1,18.4682,1.38507e-05,40.2592,180.529,-12.0265,nominal
1710000919000,S2,C1,13.5178,0.00887931,40.0056,305.734,-11.8258,edfa_aging
1710000919000,S3,C1,18.4361,1.48246e-05,39.776,180.223,-12.0189,nominal
1710000920000,S1,C1,18.3916,1.62795e-05,40.1295,179.947,-12.0311,nominal
1710000920000,S2,C1,13.4375,0.00941721,40.0426,306.584,-11.9226,edfa_aging
1710000920000,S3,C1,18.5134,1.25744e-05,40.2245,180.999,-11.872,nominal
1710000921000,S1,C1,18.445,1.45481e-05,40.1161,179.647,-11.9005,nominal
1710000921000,S2,C1,13.4343,0.00943889,40.0901,306.194,-12.0045,edfa_aging
1710000921000,S3,C1,18.4934,1.31248e-05,39.8416,180.162,-11.9692,nominal
1710000922000,S1,C1,18.5042,1.28249e-05,40.2092,178.808,-11.9433,nominal
1710000922000,S2,C1,13.5154,0.00889501,39.788,306.435,-12.0282,edfa_aging
1710000922000,S3,C1,18.5307,1.21144e-05,39.9159,179.751,-11.9669,nominal
1710000923000,S1,C1,18.532,1.20813e-05,39.9015,180.136,-12.0174,nominal
1710000923000,S2,C1,13.5197,0.00886675,39.8106,306.331,-11.8342,edfa_aging
1710000923000,S3,C1,18.5545,1.15054e-05,39.8648,180.531,-12.0262,nominal
1710000924000,S1,C1,18.4273,1.51027e-05,39.9225,180.041,-12.1667,nominal
1710000924000,S2,C1,13.5064,0.00895404,40.0257,306.393,-12.0539,edfa_aging
1710000924000,S3,C1,18.5546,1.15041e-05,40.0223,180.162,-12.1002,nominal
1710000925000,S1,C1,18.3945,1.61799e-05,40.0781,180.244,-11.9475,nominal
1710000925000,S2,C1,13.5018,0.00898484,39.9991,306.942,-11.9517,edfa_aging
1710000925000,S3,C1,18.5494,1.16347e-05,39.9852,179.857,-11.8632,nominal
1710000926000,S1,C1,18.4572,1.41784e-05,40.0786,180.82,-12.0215,nominal
1710000926000,S2,C1,13.4123,0.00959069,40.0642,306.693,-11.9988,edfa_aging
1710000926000,S3,C1,18.452,1.43346e-05,40.251,180.368,-11.8954,nominal
1710000927000,S1,C1,18.4902,1.32149e-05,40.2272,179.998,-12.0294,nominal
1710000927000,S2,C1,13.5429,0.00871592,40.1682,307.245,-12.0951,edfa_aging
1710000927000,S3,C1,18.3944,1.61837e-05,40.0553,179.805,-12.1199,nominal
1710000928000,S1,C1,18.4691,1.38228e-05,40.1726,180.053,-11.9415,nominal
1710000928000,S2,C1,13.4403,0.00939775,39.7971,306.01,-11.8566,edfa_aging
1710000928000,S3,C1,18.4691,1.38217e-05,40.1084,180.608,-12.0023,nominal
1710000929000,S1,C1,18.4603,1.40845e-05,40.0272,179.725,-12.0507,nominal
1710000929000,S2,C1,13.4921,0.0090493,39.8301,307.001,-12.0214,edfa_aging
1710000929000,S3,C1,18.4393,1.47237e-05,39.9796,180.34,-12.0237,nominal
1710000930000,S1,C1,18.5433,1.17888e-05,40.0338,179.975,-12.0069,nominal
1710000930000,S2,C1,13.4627,0.00924582,39.9105,307.261,-11.9529,edfa_aging
1710000930000,S3,C1,18.4338,1.48959e-05,40.1742,179.908,-11.8878,nominal
1710000931000,S1,C1,18.5491,1.16427e-05,39.9598,179.988,-11.9293,nominal
1710000931000,S2,C1,13.3342,0.0101429,40.2194,306.967,-12.0293,edfa_aging
1710000931000,S3,C1,18.5325,1.20675e-05,39.8448,180.024,-12.0041,nominal
1710000932000,S1,C1,18.5379,1.19283e-05,39.9466,180.302,-11.9546,nominal
1710000932000,S2,C1,13.3214,0.0102352,39.9661,306.359,-11.9398,edfa_aging
1710000932000,S3,C1,18.4192,1.53636e-05,39.7836,180.866,-12.099,nominal
1710000933000,S1,C1,18.4539,1.42776e-05,39.9337,180.221,-12.0494,nominal
1710000933000,S2,C1,13.3352,0.0101355,40.1392,307.145,-11.9183,edfa_aging
1710000933000,S3,C1,18.5453,1.17386e-05,40.1391,179.927,-11.8537,nominal
1710000934000,S1,C1,18.5046,1.2814e-05,40.1372,179.694,-11.884,nominal
1710000934000,S2,C1,13.4096,0.00960952,39.6462,307.125,-12.0993,edfa_aging
1710000934000,S3,C1,18.5544,1.15092e-05,40.1183,179.88,-11.9861,nominal
1710000935000,S1,C1,18.4911,1.31897e-05,39.9311,179.81,-11.9084,nominal
1710000935000,S2,C1,13.4646,0.00923295,40.0289,307.837,-12.0444,edfa_aging
1710000935000,S3,C1,18.6327,9.69843e-06,40.0119,180.32,-11.9639,nominal
1710000936000,S1,C1,18.4294,1.50361e-05,39.9487,180.551,-11.849,nominal
1710000936000,S2,C1,13.3931,0.00972443,40.1323,307.873,-11.8253,edfa_aging
1710000936000,S3,C1,18.5515,1.15808e-05,40.3468,180.112,-11.9682,nominal
1710000937000,S1,C1,18.5449,1.17483e-05,40.026,179.616,-12.0045,nominal
1710000937000,S2,C1,13.4444,0.00937034,40.2052,307.911,-11.9731,edfa_aging
1710000937000,S3,C1,18.6044,1.03199e-05,39.8685,179.969,-11.9642,nominal
1710000938000,S1,C1,18.5052,1.2798e-05,39.9254,180.299,-11.983,nominal
1710000938000,S2,C1,13.3372,0.0101213,39.8932,307.672,-12.0794,edfa_aging
1710000938000,S3,C1,18.4676,1.38684e-05,40.2215,180.307,-12.1014,nominal
1710000939000,S1,C1,18.4765,1.36063e-05,39.9682,180.65,-11.9159,nominal
1710000939000,S2,C1,13.3646,0.00992543,40.2956,307.8,-11.8862,edfa_aging
1710000939000,S3,C1,18.4655,1.39283e-05,40.2373,179.237,-12.1688,nominal
1710000940000,S1,C1,18.5716,1.10857e-05,39.6754,180.261,-11.9649,nominal
1710000940000,S2,C1,13.3475,0.0100473,39.879,307.846,-11.9397,edfa_aging
1710000940000,S3,C1,18.5485,1.16568e-05,39.8166,180.076,-11.9756,nominal
1710000941000,S1,C1,18.539,1.19e-05,40.0591,180.101,-11.989,nominal
1710000941000,S2,C1,13.3908,0.00974049,40.216,308.265,-11.9383,edfa_aging
1710000941000,S3,C1,18.4339,1.48933e-05,40.0898,180.607,-11.9385,nominal
1710000942000,S1,C1,18.5436,1.1782e-05,39.9575,180.546,-12.0082,nominal
1710000942000,S2,C1,13.3284,0.0101844,40.2533,307.94,-12.0699,edfa_aging
1710000942000,S3,C1,18.5566,1.14535e-05,40.125,180.578,-11.9821,nominal
1710000943000,S1,C1,18.5608,1.13509e-05,40.0325,180.141,-12.0242,nominal
1710000943000,S2,C1,13.3776,0.00983305,39.9907,308.266,-11.9338,edfa_aging
1710000943000,S3,C1,18.4859,1.33359e-05,39.9854,179.733,-11.8636,nominal
1710000944000,S1,C1,18.5367,1.19593e-05,40.0594,179.996,-12.0521,nominal
1710000944000,S2,C1,13.4092,0.00961203,39.8044,308.444,-11.9831,edfa_aging
1710000944000,S3,C1,18.4014,1.5948e-05,39.9868,180.039,-12.0242,nominal
1710000945000,S1,C1,18.4375,1.47811e-05,39.7263,179.919,-12.0515,nominal
1710000945000,S2,C1,13.3533,0.010006,40.3285,308.149,-11.9341,edfa_aging
1710000945000,S3,C1,18.5921,1.06018e-05,39.9978,180.356,-12.1225,nominal
1710000946000,S1,C1,18.4813,1.34679e-05,40.3656,180.459,-11.9674,nominal
1710000946000,S2,C1,13.3284,0.0101843,40.0595,308.333,-11.9559,edfa_aging
1710000946000,S3,C1,18.4437,1.45895e-05,39.8746,179.93,-11.8932,nominal
1710000947000,S1,C1,18.5509,1.15962e-05,40.0302,180.278,-12.0243,nominal
1710000947000,S2,C1,13.3473,0.0100487,39.8259,308.079,-11.9979,edfa_aging
1710000947000,S3,C1,18.6245,9.87509e-06,39.7967,180.241,-11.9263,nominal
1710000948000,S1,C1,18.4623,1.40242e-05,40.0345,180.618,-12.1128,nominal
1710000948000,S2,C1,13.3057,0.0103497,40.0765,307.985,-12.0183,edfa_aging
1710000948000,S3,C1,18.4259,1.51482e-05,40.1255,180.227,-11.9904,nominal
1710000949000,S1,C1,18.5026,1.28688e-05,39.7413,179.866,-11.9957,nominal
1710000949000,S2,C1,13.3118,0.010305,39.847,308.252,-11.9448,edfa_aging
1710000949000,S3,C1,18.4573,1.41727e-05,40.0408,179.324,-12.1866,nominal
1710000950000,S1,C1,18.5206,1.238e-05,40.1038,179.875,-11.8673,nominal
1710000950000,S2,C1,13.4006,0.00967178,40.028,308.286,-11.9015,edfa_aging
1710000950000,S3,C1,18.5103,1.26571e-05,40.0116,180.328,-11.8642,nominal
1710000951000,S1,C1,18.5728,1.10577e-05,40.0737,179.826,-11.8911,nominal
1710000951000,S2,C1,13.3743,0.00985638,39.8398,308.037,-12.0466,edfa_aging
1710000951000,S3,C1,18.5003,1.29318e-05,40.0869,180.048,-12.0469,nominal
1710000952000,S1,C1,18.5657,1.12308e-05,39.9593,180.112,-12.1606,nominal
1710000952000,S2,C1,13.2821,0.0105235,39.6652,308.784,-11.9928,edfa_aging
1710000952000,S3,C1,18.4207,1.53149e-05,39.8836,179.976,-11.9298,nominal
1710000953000,S1,C1,18.5456,1.17293e-05,40.0518,179.723,-12.0675,nominal
1710000953000,S2,C1,13.3369,0.010123,40.1015,309.139,-11.828,edfa_aging
1710000953000,S3,C1,18.505,1.28017e-05,39.9081,179.909,-12.0478,nominal
1710000954000,S1,C1,18.4914,1.31812e-05,40.2084,180.37,-11.9377,nominal
1710000954000,S2,C1,13.3706,0.00988268,39.897,309.241,-11.9948,edfa_aging
1710000954000,S3,C1,18.509,1.26939e-05,40.1291,179.154,-11.8483,nominal
1710000955000,S1,C1,18.5465,1.17088e-05,39.967,180.136,-11.9935,nominal
1710000955000,S2,C1,13.3849,0.00978169,39.9802,309.557,-11.9006,edfa_aging
1710000955000,S3,C1,18.5224,1.23333e-05,40.0061,179.982,-11.9637,nominal
1710000956000,S1,C1,18.5271,1.22084e-05,39.8828,179.607,-11.9942,nominal
1710000956000,S2,C1,13.3738,0.00986015,40.0156,308.946,-11.8688,edfa_aging
1710000956000,S3,C1,18.4193,1.53585e-05,40.0806,180.414,-12.0714,nominal
1710000957000,S1,C1,18.4926,1.31471e-05,40.2191,178.814,-12.0102,nominal
1710000957000,S2,C1,13.3877,0.0097621,39.973,310.005,-12.0276,edfa_aging
1710000957000,S3,C1,18.4694,1.3814e-05,40.1708,180.559,-12.1593,nominal
1710000958000,S1,C1,18.5686,1.11601e-05,40.0601,179.269,-11.9951,nominal
1710000958000,S2,C1,13.3336,0.010147,39.8944,309.054,-12.0638,edfa_aging
1710000958000,S3,C1,18.4944,1.3098e-05,40.2714,180.094,-11.9201,nominal
1710000959000,S1,C1,18.5254,1.22532e-05,39.9943,180.575,-12.081,nominal
1710000959000,S2,C1,13.3317,0.0101609,40.0525,309.354,-12.0558,edfa_aging
1710000959000,S3,C1,18.5399,1.18755e-05,39.8681,179.957,-12.1198,nominal
1710000960000,S1,C1,18.4629,1.40075e-05,40.3665,179.975,-11.9052,nominal
1710000960000,S2,C1,13.3171,0.0102665,40.0886,309.878,-11.9929,edfa_aging
1710000960000,S3,C1,18.508,1.27216e-05,39.9191,179.869,-11.9892,nominal
1710000961000,S1,C1,18.564,1.12723e-05,40.0457,180.059,-12.083,nominal
1710000961000,S2,C1,13.3813,0.00980692,40.0327,308.783,-11.9463,edfa_aging
1710000961000,S3,C1,18.4823,1.34383e-05,39.7884,180.545,-11.9223,nominal
1710000962000,S1,C1,18.4879,1.32801e-05,39.9959,179.83,-12.0111,nominal
1710000962000,S2,C1,13.3662,0.00991379,39.9481,309.659,-11.9527,edfa_aging
1710000962000,S3,C1,18.4785,1.35498e-05,39.9007,180.867,-12.0981,nominal
1710000963000,S1,C1,18.5303,1.2124e-05,40.062,180.157,-11.8771,nominal
1710000963000,S2,C1,13.4095,0.0096098,40.0061,309.72,-11.9482,edfa_aging
1710000963000,S3,C1,18.5726,1.10615e-05,40.0829,180.043,-11.9241,nominal
1710000964000,S1,C1,18.4244,1.51951e-05,39.9618,179.231,-11.913,nominal
1710000964000,S2,C1,13.3733,0.00986322,40.225,310.503,-12.2063,edfa_aging
1710000964000,S3,C1,18.4588,1.41292e-05,39.9241,178.993,-11.9722,nominal
1710000965000,S1,C1,18.4996,1.29504e-05,40.0541,179.199,-12.0002,nominal
1710000965000,S2,C1,13.2736,0.0105864,40.1812,309.49,-12.08,edfa_aging
1710000965000,S3,C1,18.5146,1.25411e-05,40.3367,180.129,-12.0416,nominal
1710000966000,S1,C1,18.4533,1.42952e-05,40.0443,179.345,-12.0002,nominal
1710000966000,S2,C1,13.2373,0.0108587,39.9673,309.874,-11.8762,edfa_aging
1710000966000,S3,C1,18.3913,1.62893e-05,39.9403,180.649,-12.0038,nominal
1710000967000,S1,C1,18.4519,1.43359e-05,39.9233,180.026,-12.0473,nominal
1710000967000,S2,C1,13.2384,0.01085,40.0959,308.909,-12.0828,edfa_aging
1710000967000,S3,C1,18.5847,1.07744e-05,39.7344,179.489,-11.9519,nominal
1710000968000,S1,C1,18.405,1.58267e-05,39.9826,180.281,-12.0395,nominal
1710000968000,S2,C1,13.2603,0.0106858,40.0942,309.95,-12.0809,edfa_aging
1710000968000,S3,C1,18.5226,1.23262e-05,39.8692,179.701,-12.0298,nominal
1710000969000,S1,C1,18.6077,1.02453e-05,40.0678,180.189,-12.0184,nominal
1710000969000,S2,C1,13.3329,0.0101522,40.0953,309.4,-11.9901,edfa_aging
1710000969000,S3,C1,18.4118,1.5605e-05,40.3218,179.403,-11.9311,nominal
1710000970000,S1,C1,18.493,1.31346e-05,40.0784,179.948,-11.8927,nominal
1710000970000,S2,C1,13.2288,0.0109229,40.0171,309.589,-11.9194,edfa_aging
1710000970000,S3,C1,18.53,1.21332e-05,39.8697,180.109,-12.0188,nominal
1710000971000,S1,C1,18.5124,1.25996e-05,40.1082,179.487,-12.034,nominal
1710000971000,S2,C1,13.1944,0.0111867,40.0842,310.414,-11.9033,edfa_aging
1710000971000,S3,C1,18.5691,1.11472e-05,39.9941,180.953,-11.9918,nominal
1710000972000,S1,C1,18.5559,1.14709e-05,40.1383,180.317,-11.9543,nominal
1710000972000,S2,C1,13.2838,0.0105109,39.9637,309.975,-12.1707,edfa_aging
1710000972000,S3,C1,18.5406,1.18576e-05,39.8807,180.436,-11.9484,nominal
1710000973000,S1,C1,18.4944,1.30959e-05,40.0577,179.886,-11.965,nominal
1710000973000,S2,C1,13.3303,0.0101706,40.1169,309.774,-12.0971,edfa_aging
1710000973000,S3,C1,18.5035,1.28438e-05,39.8381,179.375,-11.916,nominal
1710000974000,S1,C1,18.5262,1.22327e-05,40.0976,179.991,-11.9669,nominal
1710000974000,S2,C1,13.3258,0.0102037,40.093,310.669,-12.0683,edfa_aging
1710000974000,S3,C1,18.542,1.18215e-05,40.1811,179.488,-11.9799,nominal
1710000975000,S1,C1,18.4325,1.49366e-05,39.9628,179.969,-12.0216,nominal
1710000975000,S2,C1,13.3674,0.00990558,40.1148,310.508,-11.9935,edfa_aging
1710000975000,S3,C1,18.4626,1.40155e-05,39.8241,180.234,-11.9518,nominal
1710000976000,S1,C1,18.5103,1.26576e-05,39.9811,179.811,-11.9406,nominal
1710000976000,S2,C1,13.2789,0.0105472,40.1128,310.356,-11.9987,edfa_aging
1710000976000,S3,C1,18.4871,1.33039e-05,39.7329,179.9,-11.8018,nominal
1710000977000,S1,C1,18.4798,1.3512e-05,40.175,179.709,-11.9862,nominal
1710000977000,S2,C1,13.2496,0.0107659,40.0975,309.97,-12.0673,edfa_aging
1710000977000,S3,C1,18.4819,1.34515e-05,39.8917,179.33,-11.9561,nominal
1710000978000,S1,C1,18.5255,1.22506e-05,39.7226,179.762,-11.9912,nominal
1710000978000,S2,C1,13.2593,0.0106932,39.8993,310.365,-11.9543,edfa_aging
1710000978000,S3,C1,18.5035,1.28426e-05,39.9043,180.144,-12.1428,nominal
1710000979000,S1,C1,18.5095,1.26791e-05,40.0741,179.482,-12.0366,nominal
1710000979000,S2,C1,13.2046,0.0111084,39.8405,310.2,-11.8651,edfa_aging
1710000979000,S3,C1,18.4476,1.44689e-05,40.0713,179.666,-11.8779,nominal
1710000980000,S1,C1,18.4312,1.49798e-05,40.4923,180.098,-12.1702,nominal
1710000980000,S2,C1,13.2348,0.0108774,40.035,310.681,-11.9457,edfa_aging
1710000980000,S3,C1,18.5686,1.11591e-05,40.0219,180.196,-11.9917,nominal
1710000981000,S1,C1,18.4079,1.57334e-05,39.7399,179.929,-11.9406,nominal
1710000981000,S2,C1,13.3298,0.0101743,39.9559,310.721,-11.869,edfa_aging
1710000981000,S3,C1,18.4935,1.31211e-05,40.1925,180.236,-11.9177,nominal
1710000982000,S1,C1,18.4497,1.44045e-05,40.242,180.405,-11.9384,nominal
1710000982000,S2,C1,13.3677,0.00990323,40.1225,310.882,-11.9716,edfa_aging
1710000982000,S3,C1,18.4458,1.45231e-05,39.9732,180.132,-11.9936,nominal
1710000983000,S1,C1,18.5373,1.19429e-05,39.7528,179.274,-12.0387,nominal
1710000983000,S2,C1,13.3232,0.010222,39.918,310.738,-12.0258,edfa_aging
1710000983000,S3,C1,18.4889,1.32528e-05,40.0708,179.582,-11.9738,nominal
1710000984000,S1,C1,18.5217,1.23518e-05,40.0698,180.467,-12.0127,nominal
1710000984000,S2,C1,13.2714,0.0106025,39.9441,310.959,-12.0267,edfa_aging
1710000984000,S3,C1,18.518,1.24496e-05,40.0805,179.668,-11.8989,nominal
1710000985000,S1,C1,18.5206,1.23812e-05,40.2581,179.97,-11.9756,nominal
1710000985000,S2,C1,13.2415,0.0108272,39.813,311.502,-11.815,edfa_aging
1710000985000,S3,C1,18.502,1.28846e-05,40.16,179.933,-11.9614,nominal
1710000986000,S1,C1,18.3994,1.60136e-05,40.2367,179.933,-12.0759,nominal
1710000986000,S2,C1,13.263,0.0106658,39.994,311.017,-12.0527,edfa_aging
1710000986000,S3,C1,18.5547,1.15002e-05,39.8198,179.763,-12.0585,nominal
1710000987000,S1,C1,18.3659,1.71744e-05,39.8768,179.676,-11.942,nominal
1710000987000,S2,C1,13.1531,0.0115091,39.9522,311.636,-12.0666,edfa_aging
1710000987000,S3,C1,18.4819,1.34512e-05,39.9544,180.421,-11.8948,nominal
1710000988000,S1,C1,18.4692,1.38206e-05,39.8171,179.671,-11.9416,nominal
1710000988000,S2,C1,13.2737,0.0105856,40.1806,311.668,-11.9401,edfa_aging
1710000988000,S3,C1,18.4612,1.40561e-05,39.5908,180.469,-12.066,nominal
1710000989000,S1,C1,18.4837,1.3399e-05,39.7958,179.401,-11.9304,nominal
1710000989000,S2,C1,13.2812,0.0105302,40.02,311.731,-12.0065,edfa_aging
1710000989000,S3,C1,18.5248,1.2269e-05,39.884,180.081,-11.9254,nominal
1710000990000,S1,C1,18.4702,1.37918e-05,40.1183,180.358,-11.9248,nominal
1710000990000,S2,C1,13.2323,0.0108966,40.2179,310.794,-12.0439,edfa_aging
1710000990000,S3,C1,18.5637,1.12791e-05,39.8196,180.363,-11.9422,nominal
1710000991000,S1,C1,18.5181,1.24487e-05,39.9515,179.913,-12.1493,nominal
1710000991000,S2,C1,13.2371,0.0108601,39.8991,311.884,-11.9205,edfa_aging
1710000991000,S3,C1,18.4514,1.43512e-05,39.8719,180.61,-12.0048,nominal
1710000992000,S1,C1,18.4917,1.31712e-05,40.0105,180.285,-11.9565,nominal
1710000992000,S2,C1,13.1482,0.0115479,39.776,311.689,-11.9989,edfa_aging
1710000992000,S3,C1,18.4204,1.53237e-05,40.2391,179.624,-11.9973,nominal
1710000993000,S1,C1,18.441,1.46725e-05,40.048,180.329,-12.033,nominal
1710000993000,S2,C1,13.2698,0.0106147,40.1707,311.884,-12.1399,edfa_aging
1710000993000,S3,C1,18.4675,1.38692e-05,40.1593,179.845,-12.1112,nominal
1710000994000,S1,C1,18.4563,1.42051e-05,40.0703,179.798,-11.9095,nominal
1710000994000,S2,C1,13.267,0.0106353,40.086,311.671,-12.0329,edfa_aging
1710000994000,S3,C1,18.4959,1.30543e-05,39.7749,180.777,-12.0475,nominal
1710000995000,S1,C1,18.5074,1.27367e-05,40.0887,179.903,-11.9137,nominal
1710000995000,S2,C1,13.0859,0.012047,40.2447,311.736,-11.9216,edfa_aging
1710000995000,S3,C1,18.4482,1.44495e-05,40.2758,179.936,-11.7435,nominal
1710000996000,S1,C1,18.5039,1.28337e-05,40.0266,179.86,-11.933,nominal
1710000996000,S2,C1,13.1926,0.0112006,39.914,311.473,-11.9039,edfa_aging
1710000996000,S3,C1,18.5078,1.27266e-05,40.1972,179.791,-12.1664,nominal
1710000997000,S1,C1,18.4965,1.30377e-05,39.7669,180.409,-12.0045,nominal
1710000997000,S2,C1,13.2363,0.010866,39.7573,311.498,-11.9125,edfa_aging
1710000997000,S3,C1,18.4565,1.4199e-05,40.0313,180.024,-11.9149,nominal
1710000998000,S1,C1,18.6136,1.01145e-05,40.2259,180.051,-11.7752,nominal
1710000998000,S2,C1,13.2999,0.0103922,40.2477,312.169,-12.0144,edfa_aging
1710000998000,S3,C1,18.5442,1.1766e-05,39.9879,180.2,-12.0772,nominal
1710000999000,S1,C1,18.4871,1.33038e-05,39.5954,180.066,-12.002,nominal
1710000999000,S2,C1,13.1701,0.0113757,40.0607,311.761,-12.0692,edfa_aging
1710000999000,S3,C1,18.4402,1.46958e-05,39.9825,179.411,-12.0333,nominal
1710001000000,S1,C1,18.5062,1.277e-05,40.1925,180.287,-12.0807,nominal
1710001000000,S2,C1,13.2087,0.0110769,39.9329,311.991,-12.1546,edfa_aging
1710001000000,S3,C1,18.4539,1.42779e-05,39.9976,180.014,-12.1652,nominal
1710001001000,S1,C1,18.4504,1.43841e-05,39.9165,179.968,-11.9205,nominal
1710001001000,S2,C1,13.2815,0.0105274,40.3377,312.624,-12.0105,edfa_aging
1710001001000,S3,C1,18.5031,1.28559e-05,40.1016,180.396,-12.0964,nominal
1710001002000,S1,C1,18.4822,1.34426e-05,39.9772,180.816,-12.1127,nominal
1710001002000,S2,C1,13.2289,0.0109223,40.0298,312.847,-11.959,edfa_aging
1710001002000,S3,C1,18.5332,1.20488e-05,39.9613,179.837,-12.0178,nominal
1710001003000,S1,C1,18.5263,1.22283e-05,39.9283,179.628,-11.8447,nominal
1710001003000,S2,C1,13.1914,0.0112098,39.9022,312.343,-12.053,edfa_aging
1710001003000,S3,C1,18.5455,1.17332e-05,40.1529,179.81,-11.9555,nominal
1710001004000,S1,C1,18.5285,1.21724e-05,39.951,180.501,-11.9167,nominal
1710001004000,S2,C1,13.1774,0.0113185,40.0813,311.676,-11.974,edfa_aging
1710001004000,S3,C1,18.465,1.39456e-05,39.9522,180.384,-11.9053,nominal
1710001005000,S1,C1,18.4922,1.31575e-05,40.0031,180.561,-11.8918,nominal
1710001005000,S2,C1,13.1986,0.0111542,39.9472,312.668,-11.8514,edfa_aging
1710001005000,S3,C1,18.5003,1.29324e-05,39.8975,179.681,-11.8855,nominal
1710001006000,S1,C1,18.5198,1.2401e-05,39.9642,179.542,-11.914,nominal
1710001006000,S2,C1,13.1544,0.0114989,39.9029,312.979,-11.9767,edfa_aging
1710001006000,S3,C1,18.5263,1.22299e-05,39.9802,179.498,-12.003,nominal
1710001007000,S1,C1,18.5028,1.28623e-05,39.8414,180.344,-11.965,nominal
1710001007000,S2,C1,13.2426,0.0108187,40.0856,312.709,-11.9438,edfa_aging
1710001007000,S3,C1,18.5706,1.11112e-05,40.0511,179.928,-12.0696,nominal
1710001008000,S1,C1,18.406,1.57952e-05,40.1334,180.112,-12.1017,nominal
1710001008000,S2,C1,13.1456,0.0115684,40.0318,312.605,-12.0145,edfa_aging
1710001008000,S3,C1,18.4547,1.42518e-05,40.0648,180.275,-11.9095,nominal
1710001009000,S1,C1,18.3363,1.82633e-05,39.9189,180.348,-12.0444,nominal
1710001009000,S2,C1,13.215,0.0110282,39.998,312.377,-12.0252,edfa_aging
1710001009000,S3,C1,18.437,1.47981e-05,39.9985,179.874,-11.9832,nominal
1710001010000,S1,C1,18.6156,1.00706e-05,40.2073,179.519,-11.952,nominal
1710001010000,S2,C1,13.231,0.0109063,40.0099,312.959,-11.8462,edfa_aging
1710001010000,S3,C1,18.5234,1.23066e-05,39.7715,178.929,-12.1001,nominal
1710001011000,S1,C1,18.5415,1.18337e-05,39.9828,180.097,-12.0127,nominal
1710001011000,S2,C1,13.2425,0.0108196,39.8257,314.055,-12.0397,edfa_aging
1710001011000,S3,C1,18.4866,1.33156e-05,39.796,179.69,-11.8414,nominal
1710001012000,S1,C1,18.4972,1.30194e-05,39.8999,179.608,-11.9672,nominal
1710001012000,S2,C1,13.1858,0.011253,40.1309,313.284,-12.104,edfa_aging
1710001012000,S3,C1,18.5666,1.12087e-05,39.741,180.144,-11.9179,nominal
1710001013000,S1,C1,18.4131,1.55611e-05,40.0712,179.867,-12.0508,nominal
1710001013000,S2,C1,13.1787,0.0113081,40.3073,312.971,-12.0445,edfa_aging
1710001013000,S3,C1,18.5004,1.29284e-05,39.9583,180.67,-11.8919,nominal
1710001014000,S1,C1,18.4362,1.48209e-05,40.1389,180.568,-12.059,nominal
1710001014000,S2,C1,13.1926,0.0112007,40.0677,312.807,-12.0416,edfa_aging
1710001014000,S3,C1,18.5154,1.25198e-05,40.103,179.951,-11.9949,nominal
1710001015000,S1,C1,18.5678,1.11789e-05,39.8671,179.946,-11.9729,nominal
1710001015000,S2,C1,13.1781,0.011313,40.2145,313.413,-11.8908,edfa_aging
1710001015000,S3,C1,18.4599,1.40956e-05,40.0044,180.991,-12.0535,nominal
1710001016000,S1,C1,18.3606,1.73659e-05,39.9631,179.099,-11.9378,nominal
1710001016000,S2,C1,13.2265,0.0109405,40.3187,312.76,-11.9945,edfa_aging
1710001016000,S3,C1,18.5131,1.25812e-05,39.9929,179.583,-11.9382,nominal
1710001017000,S1,C1,18.4838,1.33972e-05,40.2197,179.44,-11.9962,nominal
1710001017000,S2,C1,13.1639,0.0114241,39.9932,313.168,-11.9438,edfa_aging
1710001017000,S3,C1,18.5603,1.13621e-05,39.9273,179.769,-12.0292,nominal
1710001018000,S1,C1,18.5434,1.17856e-05,39.8558,179.544,-12.074,nominal
1710001018000,S2,C1,13.2633,0.0106631,39.9251,313.34,-12.005,edfa_aging
1710001018000,S3,C1,18.4868,1.33122e-05,39.9484,180.029,-11.8695,nominal
1710001019000,S1,C1,18.5072,1.27434e-05,39.8781,180.406,-12.1286,nominal
1710001019000,S2,C1,13.3045,0.0103585,39.8834,313.399,-12.0989,edfa_aging
1710001019000,S3,C1,18.4395,1.47178e-05,39.8989,180.308,-12.0285,nominal
1710001020000,S1,C1,18.5377,1.19314e-05,40.0306,179.721,-11.8362,nominal
1710001020000,S2,C1,13.1291,0.0116991,39.955,313.738,-12.089,edfa_aging
1710001020000,S3,C1,18.5433,1.17877e-05,40.1608,179.87,-12.0277,nominal
1710001021000,S1,C1,18.4934,1.31236e-05,39.8234,179.377,-12.0872,nominal
1710001021000,S2,C1,13.1793,0.011304,40.1403,313.62,-11.9591,edfa_aging
1710001021000,S3,C1,18.4836,1.34013e-05,39.8131,180.256,-11.8924,nominal
1710001022000,S1,C1,18.6197,9.97991e-06,39.6359,180.447,-12.066,nominal
1710001022000,S2,C1,13.0983,0.011947,40.0032,313.226,-11.9952,edfa_aging
1710001022000,S3,C1,18.5019,1.28885e-05,39.8667,179.877,-11.8886,nominal
1710001023000,S1,C1,18.4486,1.4438e-05,39.7554,180.1,-12.0547,nominal
1710001023000,S2,C1,13.1913,0.0112105,40.1995,312.933,-12.0609,edfa_aging
1710001023000,S3,C1,18.4634,1.39926e-05,40.0732,180.19,-11.9666,nominal
1710001024000,S1,C1,18.4319,1.49573e-05,40.0617,180.137,-11.9261,nominal
1710001024000,S2,C1,13.1718,0.0113623,39.93,313.88,-12.0018,edfa_aging
1710001024000,S3,C1,18.5461,1.17164e-05,39.9452,180.221,-11.9063,nominal
1710001025000,S1,C1,18.5137,1.2565e-05,40.1038,179.68,-12.0572,nominal
1710001025000,S2,C1,13.1374,0.0116329,40.2682,312.831,-12.1012,edfa_aging
1710001025000,S3,C1,18.4618,1.40398e-05,40.1,180.064,-11.964,nominal
1710001026000,S1,C1,18.5715,1.10897e-05,40.0944,180.571,-11.9538,nominal
1710001026000,S2,C1,13.0931,0.0119885,39.9775,313.399,-11.9807,edfa_aging
1710001026000,S3,C1,18.4749,1.36531e-05,39.9308,180.082,-12.0528,nominal
1710001027000,S1,C1,18.4972,1.30182e-05,40.0641,179.951,-11.9739,nominal
1710001027000,S2,C1,13.1442,0.0115792,40.0118,314.843,-12.0398,edfa_aging
1710001027000,S3,C1,18.4994,1.29577e-05,40.065,179.899,-11.9023,nominal
1710001028000,S1,C1,18.5525,1.15576e-05,39.8206,179.21,-12.088,nominal
1710001028000,S2,C1,13.2411,0.01083,40.0344,313.791,-11.9118,edfa_aging
1710001028000,S3,C1,18.4889,1.32509e-05,40.0352,179.721,-12.0907,nominal
1710001029000,S1,C1,18.4735,1.36954e-05,40.1072,179.545,-11.9849,nominal
1710001029000,S2,C1,13.2182,0.0110039,39.9901,314.723,-11.9846,edfa_aging
1710001029000,S3,C1,18.3869,1.64406e-05,39.807,181.187,-11.9999,nominal
1710001030000,S1,C1,18.4407,1.46803e-05,40.1784,179.663,-12.0946,nominal
1710001030000,S2,C1,13.1542,0.0115,40.0069,313.958,-11.9759,edfa_aging
1710001030000,S3,C1,18.5225,1.23305e-05,40.0851,179.648,-12.0239,nominal
1710001031000,S1,C1,18.57,1.11256e-05,39.9009,179.936,-12.0105,nominal
1710001031000,S2,C1,13.1013,0.0119224,40.1106,314.418,-12.041,edfa_aging
1710001031000,S3,C1,18.4407,1.46827e-05,40.1915,180.566,-12.0464,nominal
1710001032000,S1,C1,18.5784,1.0923e-05,40.147,180.306,-11.9391,nominal
1710001032000,S2,C1,13.1283,0.0117056,40.0066,314.617,-12.0324,edfa_aging
1710001032000,S3,C1,18.5118,1.26163e-05,39.9005,180.434,-12.0645,nominal
1710001033000,S1,C1,18.5767,1.09654e-05,39.9506,179.709,-12.0167,nominal
1710001033000,S2,C1,13.0867,0.012041,40.0886,314.864,-12.0101,edfa_aging
1710001033000,S3,C1,18.4794,1.35218e-05,39.9813,180.025,-12.0002,nominal
1710001034000,S1,C1,18.4781,1.3561e-05,40.0342,179.76,-12.0702,nominal
1710001034000,S2,C1,13.0563,0.0122898,39.9059,314.358,-12.0249,edfa_aging
1710001034000,S3,C1,18.4928,1.31428e-05,40.0976,179.998,-12.0395,nominal
1710001035000,S1,C1,18.4422,1.46337e-05,40.0609,180.882,-12.0313,nominal
1710001035000,S2,C1,13.0737,0.0121466,39.9058,314.075,-12.0709,edfa_aging
1710001035000,S3,C1,18.4622,1.40286e-05,40.2335,179.72,-12.016,nominal
1710001036000,S1,C1,18.4415,1.46557e-05,39.7829,180.033,-12.013,nominal
1710001036000,S2,C1,13.1494,0.0115381,39.8145,314.589,-12.0988,edfa_aging
1710001036000,S3,C1,18.4458,1.45238e-05,40.0562,180.101,-12.0383,nominal
1710001037000,S1,C1,18.4888,1.32553e-05,40.2257,179.788,-11.9718,nominal
1710001037000,S2,C1,13.1316,0.0116797,40.1276,314.052,-11.9969,edfa_aging
1710001037000,S3,C1,18.5061,1.27731e-05,40.3531,179.567,-12.0646,nominal
1710001038000,S1,C1,18.5291,1.21554e-05,39.8775,180.013,-12.1804,nominal
1710001038000,S2,C1,13.1225,0.011752,39.8978,314.126,-12.0261,edfa_aging
1710001038000,S3,C1,18.5097,1.26747e-05,39.9421,180.019,-12.0343,nominal
1710001039000,S1,C1,18.5255,1.22518e-05,39.9907,179.499,-12.1449,nominal
1710001039000,S2,C1,13.0555,0.0122963,40.0852,315.183,-12.1883,edfa_aging
1710001039000,S3,C1,18.5493,1.16361e-05,40.2928,180.826,-11.9591,nominal
1710001040000,S1,C1,18.4283,1.50716e-05,39.9318,180.214,-11.9601,nominal
1710001040000,S2,C1,13.0375,0.0124459,40.0355,314.503,-12.0528,edfa_aging
1710001040000,S3,C1,18.5258,1.22433e-05,39.8911,180.498,-12.0097,nominal
1710001041000,S1,C1,18.5098,1.26725e-05,40.0747,180.387,-12.0084,nominal
1710001041000,S2,C1,13.1565,0.0114821,40.0384,315.397,-12.0431,edfa_aging
1710001041000,S3,C1,18.4638,1.39791e-05,39.9996,179.471,-12.0872,nominal
1710001042000,S1,C1,18.5009,1.2916e-05,40.0708,179.767,-11.9984,nominal
1710001042000,S2,C1,13.0851,0.0120541,39.9864,315.438,-12.0183,edfa_aging
1710001042000,S3,C1,18.5572,1.14388e-05,39.8663,180.085,-12.0342,nominal
1710001043000,S1,C1,18.5045,1.28162e-05,40.0092,180.401,-11.9825,nominal
1710001043000,S2,C1,13.1603,0.0114527,40.1042,314.713,-12.0337,edfa_aging
1710001043000,S3,C1,18.6091,1.02145e-05,40.1522,179.864,-12.0996,nominal
1710001044000,S1,C1,18.4988,1.29734e-05,40.2181,179.884,-12.0125,nominal
1710001044000,S2,C1,13.0607,0.0122539,40.0927,314.93,-12.0126,edfa_aging
1710001044000,S3,C1,18.5347,1.2011e-05,40.0989,179.473,-12.0306,nominal
1710001045000,S1,C1,18.4899,1.32232e-05,40.0484,180.115,-12.0356,nominal
1710001045000,S2,C1,13.1447,0.0115756,40.2626,315.073,-11.9592,edfa_aging
1710001045000,S3,C1,18.4893,1.32411e-05,39.7417,180.477,-11.9863,nominal
1710001046000,S1,C1,18.5297,1.21412e-05,39.9462,179.703,-11.9912,nominal
1710001046000,S2,C1,13.1052,0.011891,39.9883,315.642,-11.9733,edfa_aging
1710001046000,S3,C1,18.4504,1.43819e-05,39.6088,179.302,-12.0317,nominal
1710001047000,S1,C1,18.5063,1.27658e-05,39.5741,179.68,-11.9472,nominal
1710001047000,S2,C1,13.0688,0.012187,39.9669,315.306,-12.0658,edfa_aging
1710001047000,S3,C1,18.5032,1.28523e-05,40.3276,180.217,-12.0093,nominal
1710001048000,S1,C1,18.5113,1.26314e-05,39.9638,179.4,-11.9732,nominal
1710001048000,S2,C1,13.0665,0.0122056,39.8441,315.842,-11.9578,edfa_aging
1710001048000,S3,C1,18.4269,1.51141e-05,39.9593,180.771,-11.9112,nominal
1710001049000,S1,C1,18.4655,1.39305e-05,39.9626,180.088,-11.9986,nominal
1710001049000,S2,C1,13.182,0.0112825,40.342,315.427,-12.038,edfa_aging
1710001049000,S3,C1,18.5384,1.19141e-05,39.7523,180.663,-12.0358,nominal
1710001050000,S1,C1,18.5198,1.24022e-05,39.8755,179.886,-12.0827,nominal
1710001050000,S2,C1,13.1299,0.0116928,39.9183,315.958,-12.0707,edfa_aging
1710001050000,S3,C1,18.4797,1.35147e-05,39.8678,179.534,-11.9701,nominal
1710001051000,S1,C1,18.4939,1.31095e-05,39.8771,179.899,-11.9817,nominal
1710001051000,S2,C1,13.0676,0.0121974,40.1415,315.496,-11.8965,edfa_aging
1710001051000,S3,C1,18.4699,1.37982e-05,39.9334,179.932,-12.0646,nominal
1710001052000,S1,C1,18.3942,1.61889e-05,40.0951,179.548,-12.0919,nominal
1710001052000,S2,C1,13.0868,0.0120402,40.1343,316.166,-12.0508,edfa_aging
1710001052000,S3,C1,18.5115,1.26242e-05,40.2407,179.958,-11.8811,nominal
1710001053000,S1,C1,18.5242,1.22855e-05,40.1629,179.533,-12.0536,nominal
1710001053000,S2,C1,12.9979,0.0127786,39.8428,316.036,-11.9953,edfa_aging
1710001053000,S3,C1,18.4366,1.4809e-05,40.0697,180.004,-12.0136,nominal
1710001054000,S1,C1,18.4868,1.33116e-05,40.2904,179.747,-11.9886,nominal
1710001054000,S2,C1,13.1599,0.0114556,39.9273,316.306,-12.1057,edfa_aging
1710001054000,S3,C1,18.4116,1.5609e-05,40.0099,180.402,-11.9989,nominal
1710001055000,S1,C1,18.5463,1.17122e-05,40.1775,180.188,-11.9912,nominal
1710001055000,S2,C1,13.1412,0.011603,40.1286,316.224,-11.9916,edfa_aging
1710001055000,S3,C1,18.4767,1.36004e-05,39.8602,180.295,-12.0675,nominal
1710001056000,S1,C1,18.4919,1.3167e-05,39.9,180.12,-11.9139,nominal
1710001056000,S2,C1,13.0482,0.012357,40.0193,315.226,-12.168,edfa_aging
1710001056000,S3,C1,18.5594,1.13849e-05,40.1033,180.753,-11.9432,nominal
1710001057000,S1,C1,18.4952,1.30739e-05,40.0446,179.727,-11.9307,nominal
1710001057000,S2,C1,13.0892,0.0120206,39.8314,316.705,-12.1398,edfa_aging
1710001057000,S3,C1,18.4561,1.42093e-05,39.7388,179.793,-11.9304,nominal
1710001058000,S1,C1,18.5106,1.26501e-05,39.8017,180.118,-11.9618,nominal
1710001058000,S2,C1,12.9248,0.0134083,40.038,316.071,-12.0663,edfa_aging
1710001058000,S3,C1,18.5421,1.18206e-05,40.1716,180.21,-11.8891,nominal
1710001059000,S1,C1,18.4994,1.2957e-05,40.1158,180.703,-12.026,nominal
1710001059000,S2,C1,13.1103,0.0118501,40.2415,315.504,-12.0107,edfa_aging
1710001059000,S3,C1,18.4066,1.57736e-05,40.149,180.543,-12.0393,nominal
1710001060000,S1,C1,18.4777,1.35736e-05,40.0598,180.042,-12.0015,nominal
1710001060000,S2,C1,13.0826,0.0120743,40.0694,315.898,-12.0447,edfa_aging
1710001060000,S3,C1,18.4953,1.30722e-05,39.932,180.249,-11.9551,nominal
1710001061000,S1,C1,18.4103,1.56516e-05,39.9146,180.809,-12.0196,nominal
1710001061000,S2,C1,13.0696,0.0121802,40.0988,315.824,-11.9392,edfa_aging
1710001061000,S3,C1,18.524,1.229e-05,39.7767,179.309,-12.1476,nominal
1710001062000,S1,C1,18.5921,1.06012e-05,39.9904,180.173,-11.8633,nominal
1710001062000,S2,C1,13.0956,0.011969,40.2063,316.505,-11.9645,edfa_aging
1710001062000,S3,C1,18.5877,1.07032e-05,39.9093,180.099,-12.1121,nominal
1710001063000,S1,C1,18.4211,1.53027e-05,39.9686,180.532,-11.964,nominal
1710001063000,S2,C1,13.0666,0.0122054,40.3357,316.168,-11.9642,edfa_aging
1710001063000,S3,C1,18.4105,1.56469e-05,39.984,180.134,-11.9029,nominal
1710001064000,S1,C1,18.4829,1.34218e-05,39.9107,179.788,-12.0518,nominal
1710001064000,S2,C1,13,0.0127606,40.0224,316.37,-11.956,edfa_aging
1710001064000,S3,C1,18.4952,1.3074e-05,40.3042,180.071,-11.9003,nominal
1710001065000,S1,C1,18.5327,1.20631e-05,40.2043,180.47,-12.0672,nominal
1710001065000,S2,C1,13.0114,0.0126645,39.9267,316.812,-11.8874,edfa_aging
1710001065000,S3,C1,18.4531,1.43001e-05,40.2582,179.674,-11.997,nominal
1710001066000,S1,C1,18.519,1.24233e-05,40.472,179.526,-11.9022,nominal
1710001066000,S2,C1,13.0346,0.0124697,40.0063,315.875,-11.8951,edfa_aging
1710001066000,S3,C1,18.5137,1.2566e-05,39.9055,180.344,-11.9894,nominal
1710001067000,S1,C1,18.5284,1.21753e-05,40.1298,180.097,-12.0691,nominal
1710001067000,S2,C1,13.0866,0.0120419,39.9458,315.949,-12.0407,edfa_aging
1710001067000,S3,C1,18.4708,1.37727e-05,39.8877,180.078,-11.808,nominal
1710001068000,S1,C1,18.5385,1.19129e-05,40.165,179.866,-11.9712,nominal
1710001068000,S2,C1,13.0399,0.0124255,39.8146,316.669,-11.9507,edfa_aging
1710001068000,S3,C1,18.5035,1.28434e-05,39.7966,179.722,-11.9406,nominal
1710001069000,S1,C1,18.5632,1.12919e-05,40.0303,179.201,-11.9861,nominal
1710001069000,S2,C1,13.0025,0.0127395,39.9922,316.04,-12.001,edfa_aging
1710001069000,S3,C1,18.4606,1.40739e-05,40.0591,180.243,-11.908,nominal
1710001070000,S1,C1,18.5149,1.25343e-05,39.9539,179.454,-11.916,nominal
1710001070000,S2,C1,13.0518,0.0123269,39.8727,317.036,-11.9929,edfa_aging
1710001070000,S3,C1,18.4707,1.37759e-05,39.9202,180.002,-11.9496,nominal
1710001071000,S1,C1,18.6453,9.43074e-06,40.3357,180.452,-12.0694,nominal
1710001071000,S2,C1,12.9694,0.0130216,40.1975,316.289,-11.9942,edfa_aging
1710001071000,S3,C1,18.5184,1.24406e-05,40.1079,179.828,-11.9988,nominal
1710001072000,S1,C1,18.4493,1.44157e-05,39.9515,180.196,-11.9636,nominal
1710001072000,S2,C1,13.1335,0.0116646,39.9959,316.421,-11.9637,edfa_aging
1710001072000,S3,C1,18.5729,1.10566e-05,40.0124,179.77,-12.0921,nominal
1710001073000,S1,C1,18.5114,1.26288e-05,40.0658,180.518,-11.9841,nominal
1710001073000,S2,C1,13.0418,0.0124097,39.6273,317.176,-12.1833,edfa_aging
1710001073000,S3,C1,18.5088,1.26987e-05,39.9206,179.612,-11.9612,nominal
1710001074000,S1,C1,18.482,1.34495e-05,39.9885,180.078,-11.937,nominal
1710001074000,S2,C1,12.9747,0.012976,39.8583,317.543,-12.0017,edfa_aging
1710001074000,S3,C1,18.5044,1.28179e-05,39.8514,180.047,-11.9926,nominal
1710001075000,S1,C1,18.4727,1.37163e-05,40.095,178.839,-11.8926,nominal
1710001075000,S2,C1,13.0303,0.012506,40.0635,316.961,-11.9556,edfa_aging
1710001075000,S3,C1,18.4752,1.36442e-05,39.7621,179.803,-11.9909,nominal
1710001076000,S1,C1,18.5144,1.25478e-05,39.999,180.1,-11.9918,nominal
1710001076000,S2,C1,13.0738,0.0121464,39.9214,316.854,-11.9954,edfa_aging
1710001076000,S3,C1,18.5771,1.09539e-05,40.0898,180.452,-11.957,nominal
1710001077000,S1,C1,18.5729,1.10552e-05,40.0954,179.772,-12.0176,nominal
1710001077000,S2,C1,13.0445,0.0123876,39.885,316.529,-12.1147,edfa_aging
1710001077000,S3,C1,18.4015,1.59458e-05,39.8034,179.989,-11.998,nominal
1710001078000,S1,C1,18.4645,1.39593e-05,39.8164,179.798,-11.9305,nominal
1710001078000,S2,C1,13.1174,0.0117926,39.9218,317,-11.9567,edfa_aging
1710001078000,S3,C1,18.3989,1.6031e-05,40.108,180.322,-11.8766,nominal
1710001079000,S1,C1,18.4645,1.39604e-05,39.9913,179.819,-12.1112,nominal
1710001079000,S2,C1,12.9413,0.0132645,39.8783,317.015,-11.9634,edfa_aging
1710001079000,S3,C1,18.4594,1.41099e-05,39.7529,179.701,-12.0928,nominal
1710001080000,S1,C1,18.5362,1.19705e-05,40.212,179.692,-11.9849,nominal
1710001080000,S2,C1,13.0905,0.0120103,40.0903,316.807,-11.97,edfa_aging
1710001080000,S3,C1,18.5203,1.23873e-05,39.6196,179.828,-11.9534,nominal
1710001081000,S1,C1,18.5272,1.22059e-05,39.8514,179.615,-12.0774,nominal
1710001081000,S2,C1,13.0068,0.0127034,39.9307,317.111,-12.1066,edfa_aging
1710001081000,S3,C1,18.5456,1.17301e-05,40.0036,180.037,-12.0709,nominal
1710001082000,S1,C1,18.5979,1.04686e-05,39.9063,180.496,-12.0952,nominal
1710001082000,S2,C1,13.0503,0.0123398,39.8635,317.706,-11.8652,edfa_aging
1710001082000,S3,C1,18.5267,1.2219e-05,39.9121,180.308,-12.0186,nominal
1710001083000,S1,C1,18.5514,1.15841e-05,40.212,180.177,-12.1246,nominal
1710001083000,S2,C1,13.0899,0.0120144,40.1222,317.462,-12.0249,edfa_aging
1710001083000,S3,C1,18.5359,1.19795e-05,40.1394,180.378,-12.096,nominal
1710001084000,S1,C1,18.5115,1.26258e-05,40.0671,179.737,-12.1304,nominal
1710001084000,S2,C1,12.9411,0.0132661,39.8226,316.457,-12.0684,edfa_aging
1710001084000,S3,C1,18.5065,1.27609e-05,40.0016,180.067,-12.002,nominal
1710001085000,S1,C1,18.4835,1.34044e-05,40.1667,179.83,-11.9341,nominal
1710001085000,S2,C1,12.928,0.0133803,40.0294,318.178,-12.0323,edfa_aging
1710001085000,S3,C1,18.4749,1.36524e-05,39.9905,180.109,-11.9166,nominal
1710001086000,S1,C1,18.5108,1.26452e-05,39.6707,180.388,-11.9307,nominal
1710001086000,S2,C1,12.9774,0.0129532,39.8477,318.026,-11.9228,edfa_aging
1710001086000,S3,C1,18.4455,1.45346e-05,40.1317,180.246,-11.955,nominal
1710001087000,S1,C1,18.4912,1.31855e-05,40.0281,180.151,-11.9914,nominal
1710001087000,S2,C1,12.9111,0.0135288,39.9321,317.139,-12.1188,edfa_aging
1710001087000,S3,C1,18.5207,1.2378e-05,39.9032,180.328,-12.0091,nominal
1710001088000,S1,C1,18.4317,1.49618e-05,39.8149,180.076,-11.9177,nominal
1710001088000,S2,C1,12.8911,0.0137061,39.921,318.187,-12.0812,edfa_aging
1710001088000,S3,C1,18.4511,1.43623e-05,40.098,180.429,-11.8639,nominal
1710001089000,S1,C1,18.5004,1.29291e-05,39.7975,179.508,-11.9971,nominal
1710001089000,S2,C1,12.9944,0.0128079,39.8263,317.277,-11.9864,edfa_aging
1710001089000,S3,C1,18.5193,1.24156e-05,40.3708,179.349,-12.0737,nominal
1710001090000,S1,C1,18.4912,1.31854e-05,40.0679,179.824,-12.0386,nominal
1710001090000,S2,C1,13.0466,0.0123703,39.9061,318.031,-11.9893,edfa_aging
1710001090000,S3,C1,18.5353,1.19937e-05,40.0367,180.362,-11.8609,nominal
1710001091000,S1,C1,18.4884,1.32665e-05,40.1839,179.544,-12.0848,nominal
1710001091000,S2,C1,12.9618,0.0130868,40.2114,317.928,-12.0882,edfa_aging
1710001091000,S3,C1,18.4676,1.38683e-05,39.8645,179.987,-12.0184,nominal
1710001092000,S1,C1,18.4785,1.35481e-05,39.7816,179.231,-11.9387,nominal
1710001092000,S2,C1,13.009,0.0126849,39.8272,317.54,-12.0512,edfa_aging
1710001092000,S3,C1,18.476,1.36204e-05,39.9977,180.054,-11.8964,nominal
1710001093000,S1,C1,18.5845,1.07793e-05,39.8398,180.355,-11.935,nominal
1710001093000,S2,C1,13.1665,0.0114041,40.2885,318.118,-11.9698,edfa_aging
1710001093000,S3,C1,18.4709,1.3769e-05,39.8827,179.713,-11.9915,nominal
1710001094000,S1,C1,18.5348,1.20071e-05,39.9183,179.866,-11.8996,nominal
1710001094000,S2,C1,12.9962,0.0127927,40.1152,318.089,-11.8032,edfa_aging
1710001094000,S3,C1,18.5324,1.20688e-05,39.9529,180.325,-12.0259,nominal
1710001095000,S1,C1,18.5468,1.16988e-05,39.9869,179.832,-12.0624,nominal
1710001095000,S2,C1,12.9618,0.0130868,40.2257,318.167,-11.872,edfa_aging
1710001095000,S3,C1,18.5061,1.27718e-05,40.2539,180.502,-11.8652,nominal
1710001096000,S1,C1,18.4696,1.38079e-05,39.8061,179.613,-12.0215,nominal
1710001096000,S2,C1,12.9669,0.0130432,39.9199,317.632,-12.2174,edfa_aging
1710001096000,S3,C1,18.4651,1.39425e-05,39.8559,180.493,-12.0533,nominal
1710001097000,S1,C1,18.4489,1.44298e-05,40.3453,180.3,-12.1057,nominal
1710001097000,S2,C1,12.9946,0.0128066,40.154,318.5,-11.9803,edfa_aging
1710001097000,S3,C1,18.5117,1.26208e-05,39.8193,179.774,-11.9616,nominal
1710001098000,S1,C1,18.4859,1.33381e-05,40.0941,180.834,-11.9086,nominal
1710001098000,S2,C1,12.9565,0.0131332,40.0237,318.156,-12.0718,edfa_aging
1710001098000,S3,C1,18.5734,1.10428e-05,40.0817,179.404,-11.9343,nominal
1710001099000,S1,C1,18.5122,1.26062e-05,39.9516,180.231,-11.9431,nominal
1710001099000,S2,C1,13.0034,0.0127315,40.2974,318.852,-11.9814,edfa_aging
1710001099000,S3,C1,18.5124,1.26014e-05,39.9433,180.54,-11.9073,nominal
1710001100000,S1,C1,18.4827,1.34273e-05,39.9276,180.369,-11.9585,nominal
1710001100000,S2,C1,12.9775,0.0129519,39.9296,318.702,-11.9668,edfa_aging
1710001100000,S3,C1,18.5046,1.28128e-05,39.979,179.851,-12.0767,nominal
1710001101000,S1,C1,18.4906,1.32038e-05,40.3549,179.499,-12.0002,nominal
1710001101000,S2,C1,13.0106,0.0126709,40.1793,318.692,-12.0466,edfa_aging
1710001101000,S3,C1,18.4785,1.35504e-05,39.9108,179.335,-11.9158,nominal
1710001102000,S1,C1,18.5481,1.16678e-05,40.3422,180.067,-12.0105,nominal
1710001102000,S2,C1,12.9699,0.0130178,39.9058,318.044,-12.0047,edfa_aging
1710001102000,S3,C1,18.452,1.4333e-05,40.041,180.4,-12.0982,nominal
1710001103000,S1,C1,18.515,1.25317e-05,39.9318,180.084,-12.0276,nominal
1710001103000,S2,C1,12.9562,0.0131358,40.2036,319.316,-12.0237,edfa_aging
1710001103000,S3,C1,18.4986,1.29806e-05,40.2253,179.17,-11.978,nominal
1710001104000,S1,C1,18.4508,1.43709e-05,40.0575,180.593,-11.9125,nominal
1710001104000,S2,C1,12.9113,0.0135272,39.9395,318.727,-12.0086,edfa_aging
1710001104000,S3,C1,18.5017,1.28941e-05,40.1006,180.42,-11.944,nominal
1710001105000,S1,C1,18.4786,1.35462e-05,40.1946,180,-12.0487,nominal
1710001105000,S2,C1,12.8864,0.0137482,39.8277,318.627,-11.9695,edfa_aging
1710001105000,S3,C1,18.483,1.34195e-05,39.9422,179.813,-11.9488,nominal
1710001106000,S1,C1,18.4671,1.38814e-05,39.8269,179.619,-11.9284,nominal
1710001106000,S2,C1,12.9395,0.0132805,39.7894,318.464,-11.9914,edfa_aging
1710001106000,S3,C1,18.5572,1.14388e-05,39.9521,180.765,-11.9843,nominal
1710001107000,S1,C1,18.509,1.26919e-05,39.9166,179.97,-11.9759,nominal
1710001107000,S2,C1,12.9322,0.0133443,39.9069,318.732,-12.0115,edfa_aging
1710001107000,S3,C1,18.4868,1.3312e-05,39.8687,180.036,-11.9924,nominal
1710001108000,S1,C1,18.4416,1.46524e-05,40.208,179.823,-12.078,nominal
1710001108000,S2,C1,12.9637,0.0130705,40.223,319.233,-11.8877,edfa_aging
1710001108000,S3,C1,18.4905,1.32073e-05,39.8729,179.774,-11.9643,nominal
1710001109000,S1,C1,18.4911,1.31905e-05,39.9003,180.575,-12.1129,nominal
1710001109000,S2,C1,12.9437,0.0132442,39.7964,318.039,-11.9619,edfa_aging
1710001109000,S3,C1,18.508,1.27199e-05,40.1462,180.057,-12.0442,nominal
1710001110000,S1,C1,18.5346,1.20118e-05,39.9396,180.262,-12.0603,nominal
1710001110000,S2,C1,12.9257,0.0134005,39.8781,319.09,-12.0087,edfa_aging
1710001110000,S3,C1,18.5249,1.22674e-05,40.0862,179.677,-11.896,nominal
1710001111000,S1,C1,18.5014,1.29008e-05,39.8017,180.133,-12.0015,nominal
1710001111000,S2,C1,13.0569,0.0122847,39.9751,318.455,-12.0227,edfa_aging
1710001111000,S3,C1,18.4094,1.5684e-05,40.0754,179.778,-11.9087,nominal
1710001112000,S1,C1,18.4543,1.42644e-05,39.8898,180.068,-12.1006,nominal
1710001112000,S2,C1,12.9572,0.0131267,39.9964,318.648,-11.979,edfa_aging
1710001112000,S3,C1,18.5115,1.26242e-05,40.0809,180.181,-12.0009,nominal
1710001113000,S1,C1,18.4692,1.38208e-05,40.1074,180.334,-11.949,nominal
1710001113000,S2,C1,13.0001,0.0127595,40.0264,319.241,-11.8714,edfa_aging
1710001113000,S3,C1,18.5608,1.13513e-05,39.9123,180.028,-11.9291,nominal
1710001114000,S1,C1,18.5062,1.27692e-05,39.8801,179.8,-11.9086,nominal
1710001114000,S2,C1,12.8854,0.0137567,40.2314,319.321,-11.9501,edfa_aging
1710001114000,S3,C1,18.4431,1.46062e-05,40.0047,179.526,-12.018,nominal
1710001115000,S1,C1,18.5242,1.22862e-05,39.8071,179.629,-11.9555,nominal
1710001115000,S2,C1,12.9856,0.012883,39.9602,319.065,-11.8453,edfa_aging
1710001115000,S3,C1,18.5179,1.24539e-05,40.0842,179.844,-11.9562,nominal
1710001116000,S1,C1,18.5419,1.18258e-05,39.9089,179.243,-12.1322,nominal
1710001116000,S2,C1,12.9918,0.0128301,39.7752,319.352,-12.0663,edfa_aging
1710001116000,S3,C1,18.4733,1.3701e-05,40.2468,180.733,-12.0356,nominal
1710001117000,S1,C1,18.4927,1.31432e-05,40.2704,180.47,-12.1842,nominal
1710001117000,S2,C1,12.9534,0.01316,40.103,319.865,-12.0122,edfa_aging
1710001117000,S3,C1,18.4493,1.4416e-05,40.0457,179.479,-11.9528,nominal
1710001118000,S1,C1,18.4341,1.48865e-05,40.0299,180.198,-11.9298,nominal
1710001118000,S2,C1,12.8841,0.0137691,39.9297,319.368,-12.0563,edfa_aging
1710001118000,S3,C1,18.5117,1.26206e-05,40.018,180.239,-11.9444,nominal
1710001119000,S1,C1,18.5712,1.10953e-05,39.9186,180.252,-11.8806,nominal
1710001119000,S2,C1,12.9898,0.0128476,39.9585,318.944,-12.0873,edfa_aging
1710001119000,S3,C1,18.4935,1.3121e-05,39.8893,181.017,-12.012,nominal
1710001120000,S1,C1,18.5149,1.25335e-05,40.0261,180.012,-12.03,nominal
1710001120000,S2,C1,12.8882,0.0137322,40.0126,319.294,-11.927,edfa_aging
1710001120000,S3,C1,18.3953,1.61529e-05,40.1616,179.694,-12.1237,nominal
1710001121000,S1,C1,18.5203,1.23885e-05,40.0696,180.66,-11.9571,nominal
1710001121000,S2,C1,12.8442,0.0141278,40.2315,319.332,-11.9439,edfa_aging
1710001121000,S3,C1,18.4694,1.3815e-05,39.9703,180.32,-11.8729,nominal
1710001122000,S1,C1,18.5153,1.25232e-05,40.021,179.602,-12.0198,nominal
1710001122000,S2,C1,12.8389,0.0141765,40.1785,320.092,-11.9326,edfa_aging
1710001122000,S3,C1,18.539,1.18994e-05,40.0458,180.033,-11.9253,nominal
1710001123000,S1,C1,18.4481,1.44525e-05,39.7301,180.476,-12.0489,nominal
1710001123000,S2,C1,12.9216,0.0134372,40.0014,319.432,-11.8971,edfa_aging
1710001123000,S3,C1,18.4695,1.38126e-05,40.0669,179.63,-11.9393,nominal
1710001124000,S1,C1,18.484,1.339e-05,40.0475,179.657,-11.9198,nominal
1710001124000,S2,C1,12.8915,0.0137028,39.9422,318.958,-12.0661,edfa_aging
1710001124000,S3,C1,18.4617,1.40433e-05,39.8919,180.333,-11.92,nominal
1710001125000,S1,C1,18.5129,1.25883e-05,39.9701,179.814,-12.042,nominal
1710001125000,S2,C1,12.9546,0.0131493,40.0625,319.146,-12.0276,edfa_aging
1710001125000,S3,C1,18.4803,1.34972e-05,40.052,180.289,-11.9815,nominal
1710001126000,S1,C1,18.5516,1.15782e-05,40.1293,179.507,-11.9311,nominal
1710001126000,S2,C1,12.9459,0.0132249,39.8812,320.212,-11.9929,edfa_aging
1710001126000,S3,C1,18.4766,1.36043e-05,40.1771,179.997,-11.9336,nominal
1710001127000,S1,C1,18.503,1.28574e-05,39.798,180.03,-11.8621,nominal
1710001127000,S2,C1,12.979,0.0129393,39.7303,319.978,-12.1115,edfa_aging
1710001127000,S3,C1,18.5355,1.19886e-05,39.8767,179.705,-11.9553,nominal
1710001128000,S1,C1,18.344,1.79737e-05,40.16,179.878,-12.0081,nominal
1710001128000,S2,C1,12.9251,0.0134062,39.8956,319.38,-12.0465,edfa_aging
1710001128000,S3,C1,18.4565,1.41978e-05,39.9313,180.401,-12.0964,nominal
1710001129000,S1,C1,18.4879,1.3279e-05,39.9269,180.166,-11.8501,nominal
1710001129000,S2,C1,12.9118,0.0135232,40.1416,319.312,-11.9759,edfa_aging
1710001129000,S3,C1,18.4408,1.46789e-05,39.8868,180.247,-12.0703,nominal
1710001130000,S1,C1,18.5176,1.24599e-05,39.7439,179.759,-12.1024,nominal
1710001130000,S2,C1,12.9045,0.0135876,39.8937,320.233,-11.9345,edfa_aging
1710001130000,S3,C1,18.5201,1.23941e-05,40.0238,179.895,-12.1234,nominal
1710001131000,S1,C1,18.5647,1.12546e-05,40.2022,179.436,-11.9257,nominal
1710001131000,S2,C1,12.8624,0.013963,39.9195,319.47,-11.978,edfa_aging
1710001131000,S3,C1,18.548,1.16707e-05,40.3212,179.656,-12.0732,nominal
1710001132000,S1,C1,18.5356,1.19876e-05,39.9235,180.22,-11.9977,nominal
1710001132000,S2,C1,12.8583,0.0140006,40.2137,319.929,-12.0076,edfa_aging
1710001132000,S3,C1,18.5335,1.20421e-05,40.0577,179.892,-12.0505,nominal
1710001133000,S1,C1,18.6245,9.87422e-06,40.0576,180.507,-11.795,nominal
1710001133000,S2,C1,12.8613,0.013973,40.2157,320.386,-12.0826,edfa_aging
1710001133000,S3,C1,18.5404,1.18639e-05,40.1944,179.81,-12.0631,nominal
1710001134000,S1,C1,18.5712,1.1096e-05,39.9766,180.287,-11.9951,nominal
1710001134000,S2,C1,12.9077,0.0135595,40.2198,320.375,-12.0508,edfa_aging
1710001134000,S3,C1,18.4666,1.38967e-05,40.0454,179.773,-12.185,nominal
1710001135000,S1,C1,18.5674,1.1189e-05,40.166,179.97,-12.0614,nominal
1710001135000,S2,C1,12.8513,0.0140638,39.8818,319.787,-11.9559,edfa_aging
1710001135000,S3,C1,18.4258,1.51499e-05,39.9464,180.505,-12.0152,nominal
1710001136000,S1,C1,18.5471,1.16913e-05,40.1677,180.154,-11.8695,nominal
1710001136000,S2,C1,12.8875,0.0137387,40.073,320.427,-11.9639,edfa_aging
1710001136000,S3,C1,18.464,1.39734e-05,40.0113,179.961,-12.0853,nominal
1710001137000,S1,C1,18.4309,1.49892e-05,40.1691,179.312,-12.1199,nominal
1710001137000,S2,C1,12.9442,0.0132397,40.2011,319.622,-11.972,edfa_aging
1710001137000,S3,C1,18.4977,1.30034e-05,40.0443,180.58,-12.1162,nominal
1710001138000,S1,C1,18.5424,1.18131e-05,40.1085,179.858,-11.9633,nominal
1710001138000,S2,C1,12.7676,0.0148353,40.1525,320.402,-11.9086,edfa_aging
1710001138000,S3,C1,18.4148,1.55061e-05,39.9805,180.479,-11.9818,nominal
1710001139000,S1,C1,18.53,1.21331e-05,39.7566,180.456,-12.059,nominal
1710001139000,S2,C1,12.8416,0.0141515,39.9419,320.116,-11.8705,edfa_aging
1710001139000,S3,C1,18.4839,1.33925e-05,39.9995,180.401,-11.9157,nominal
1710001140000,S1,C1,18.4737,1.36884e-05,39.7464,180.175,-11.8887,nominal
1710001140000,S2,C1,12.8337,0.0142239,39.9669,319.642,-11.9973,edfa_aging
1710001140000,S3,C1,18.5278,1.21913e-05,40.0225,180.215,-11.901,nominal
1710001141000,S1,C1,18.5293,1.21499e-05,40.0306,179.649,-12.0066,nominal
1710001141000,S2,C1,12.8809,0.0137973,39.8867,320.949,-11.9521,edfa_aging
1710001141000,S3,C1,18.4647,1.39522e-05,39.9155,179.979,-11.9474,nominal
1710001142000,S1,C1,18.5209,1.23725e-05,39.8562,180.333,-11.9303,nominal
1710001142000,S2,C1,12.8044,0.0144929,39.9187,320.406,-11.9685,edfa_aging
1710001142000,S3,C1,18.5974,1.04805e-05,40.2363,179.983,-11.9297,nominal
1710001143000,S1,C1,18.4767,1.35998e-05,40.0706,179.938,-12.0015,nominal
1710001143000,S2,C1,12.8436,0.0141336,40.0542,320.716,-11.9424,edfa_aging
1710001143000,S3,C1,18.5362,1.19715e-05,40.0742,180.811,-11.8039,nominal
1710001144000,S1,C1,18.4938,1.31126e-05,40.0252,180.283,-12.086,nominal
1710001144000,S2,C1,12.9904,0.0128424,40.054,320.408,-11.9665,edfa_aging
1710001144000,S3,C1,18.4388,1.47411e-05,39.9912,180.459,-12.0761,nominal
1710001145000,S1,C1,18.4868,1.33102e-05,39.7863,179.428,-12.1697,nominal
1710001145000,S2,C1,12.8044,0.0144929,39.8681,321.77,-12.0849,edfa_aging
1710001145000,S3,C1,18.443,1.46102e-05,39.924,179.869,-11.9192,nominal
1710001146000,S1,C1,18.5115,1.26246e-05,39.8433,179.78,-11.8564,nominal
1710001146000,S2,C1,12.8667,0.013925,40.0971,321.312,-12.0427,edfa_aging
1710001146000,S3,C1,18.4641,1.39723e-05,40.0646,180.296,-12.0431,nominal
1710001147000,S1,C1,18.4788,1.35412e-05,39.8285,180.121,-11.98,nominal
1710001147000,S2,C1,12.8795,0.0138094,40.0283,320.654,-12.0115,edfa_aging
1710001147000,S3,C1,18.5341,1.20253e-05,39.894,179.799,-11.9522,nominal
1710001148000,S1,C1,18.5272,1.22047e-05,39.8657,180.112,-12.0902,nominal
1710001148000,S2,C1,12.8521,0.0140562,40.1921,321.586,-12.0276,edfa_aging
1710001148000,S3,C1,18.5221,1.234e-05,39.8234,180.002,-12.0034,nominal
1710001149000,S1,C1,18.4041,1.58573e-05,39.9685,180.212,-12.0235,nominal
1710001149000,S2,C1,12.8046,0.0144907,39.9188,321.21,-12.0216,edfa_aging
1710001149000,S3,C1,18.4713,1.3758e-05,39.9536,179.618,-11.98,nominal
1710001150000,S1,C1,18.4859,1.33367e-05,40.1028,179.986,-11.92,nominal
1710001150000,S2,C1,12.9132,0.0135106,40.0325,321.543,-12.0881,edfa_aging
1710001150000,S3,C1,18.5075,1.27346e-05,40.1945,179.634,-12.0098,nominal
1710001151000,S1,C1,18.4158,1.54741e-05,40.2023,179.911,-12.1172,nominal
1710001151000,S2,C1,12.7648,0.0148622,39.6637,320.126,-12.0649,edfa_aging
1710001151000,S3,C1,18.5386,1.19081e-05,39.9787,179.588,-12.0311,nominal
1710001152000,S1,C1,18.4759,1.36257e-05,39.8529,180.179,-11.8181,nominal
1710001152000,S2,C1,12.8103,0.0144381,40.115,321.104,-12.0245,edfa_aging
1710001152000,S3,C1,18.525,1.22644e-05,40.0348,180.15,-12.0636,nominal
1710001153000,S1,C1,18.5258,1.22415e-05,39.9145,180.336,-12.0185,nominal
1710001153000,S2,C1,12.8454,0.014117,40.0864,320.6,-11.9578,edfa_aging
1710001153000,S3,C1,18.4196,1.53487e-05,39.8657,180.469,-11.908,nominal
1710001154000,S1,C1,18.5011,1.29106e-05,40.2348,179.385,-12.0279,nominal
1710001154000,S2,C1,12.823,0.014321,40.1283,321.022,-11.9877,edfa_aging
1710001154000,S3,C1,18.4453,1.45389e-05,40.0849,180.008,-11.9265,nominal
1710001155000,S1,C1,18.4945,1.30947e-05,40.135,179.862,-11.8964,nominal
1710001155000,S2,C1,12.9115,0.0135255,40.006,320.98,-11.9658,edfa_aging
1710001155000,S3,C1,18.4538,1.42795e-05,39.927,180.159,-11.9359,nominal
1710001156000,S1,C1,18.5034,1.28455e-05,40.0351,179.91,-11.982,nominal
1710001156000,S2,C1,12.8346,0.0142158,40.0051,321.28,-12.0329,edfa_aging
1710001156000,S3,C1,18.4135,1.55466e-05,39.9233,179.901,-12.0031,nominal
1710001157000,S1,C1,18.5785,1.0922e-05,39.6445,180.054,-12.0786,nominal
1710001157000,S2,C1,12.944,0.0132409,39.9918,320.412,-12.0689,edfa_aging
1710001157000,S3,C1,18.5416,1.18333e-05,39.8927,179.8,-12.1118,nominal
1710001158000,S1,C1,18.4447,1.45581e-05,39.8472,180.395,-11.9258,nominal
1710001158000,S2,C1,12.8456,0.0141156,40.1872,321.117,-11.9343,edfa_aging
1710001158000,S3,C1,18.4672,1.38779e-05,39.988,180.123,-12.0035,nominal
1710001159000,S1,C1,18.5444,1.17612e-05,40.0236,179.46,-11.963,nominal
1710001159000,S2,C1,12.9214,0.0134381,39.8576,320.729,-11.921,edfa_aging
1710001159000,S3,C1,18.4667,1.38948e-05,39.8511,179.537,-11.9107,nominal
1710001160000,S1,C1,18.4244,1.51964e-05,39.9103,180.204,-11.9092,nominal
1710001160000,S2,C1,12.8631,0.0139569,39.9884,321.773,-11.9177,edfa_aging
1710001160000,S3,C1,18.4577,1.41629e-05,39.9469,180.431,-12.1139,nominal
1710001161000,S1,C1,18.4766,1.36033e-05,40.3009,179.299,-12.0724,nominal
1710001161000,S2,C1,12.8272,0.0142826,40.0929,321.51,-12.0675,edfa_aging
1710001161000,S3,C1,18.514,1.25571e-05,39.9784,180.319,-11.9091,nominal
1710001162000,S1,C1,18.5082,1.27155e-05,40.0133,179.69,-12.0887,nominal
1710001162000,S2,C1,12.8232,0.0143193,39.9492,321.699,-12.0996,edfa_aging
1710001162000,S3,C1,18.5271,1.22081e-05,39.8644,180.155,-11.9447,nominal
1710001163000,S1,C1,18.4574,1.41706e-05,40.0425,179.783,-11.9492,nominal
1710001163000,S2,C1,12.8872,0.0137412,39.8653,321.898,-11.8975,edfa_aging
1710001163000,S3,C1,18.5325,1.20681e-05,39.7172,180.011,-11.9951,nominal
1710001164000,S1,C1,18.5103,1.2659e-05,39.8331,179.883,-12.0338,nominal
1710001164000,S2,C1,12.8064,0.0144745,39.9589,321.845,-11.9584,edfa_aging
1710001164000,S3,C1,18.5603,1.13617e-05,40.0717,179.792,-12.0712,nominal
1710001165000,S1,C1,18.5364,1.19651e-05,39.8415,179.747,-12.1709,nominal
1710001165000,S2,C1,12.8299,0.0142579,40.0503,321.333,-12.0023,edfa_aging
1710001165000,S3,C1,18.453,1.43038e-05,39.8213,180.65,-11.8969,nominal
1710001166000,S1,C1,18.4403,1.46935e-05,39.8986,179.786,-12.0459,nominal
1710001166000,S2,C1,12.7899,0.0146274,40.2391,321.662,-12.0392,edfa_aging
1710001166000,S3,C1,18.5796,1.08964e-05,39.7162,179.923,-12.1145,nominal
1710001167000,S1,C1,18.4961,1.30482e-05,39.9047,179.855,-11.9493,nominal
1710001167000,S2,C1,12.7253,0.0152368,39.9257,320.925,-12.1523,edfa_aging
1710001167000,S3,C1,18.6218,9.93307e-06,40.0071,179.774,-12.0231,nominal
1710001168000,S1,C1,18.4812,1.34721e-05,39.9641,179.883,-12.0572,nominal
1710001168000,S2,C1,12.8533,0.0140458,39.6811,321.538,-11.912,edfa_aging
1710001168000,S3,C1,18.4729,1.37109e-05,39.999,179.606,-12.0536,nominal
1710001169000,S1,C1,18.403,1.58952e-05,40.0561,179.256,-11.8974,nominal
1710001169000,S2,C1,12.8562,0.014019,40.1554,321.612,-11.9987,edfa_aging
1710001169000,S3,C1,18.4813,1.34678e-05,40.171,179.719,-11.9924,nominal
1710001170000,S1,C1,18.4906,1.32022e-05,40.0354,179.432,-12.0396,nominal
1710001170000,S2,C1,12.7616,0.0148916,40.0034,321.711,-11.9295,edfa_aging
1710001170000,S3,C1,18.529,1.21575e-05,40.1966,179.927,-11.971,nominal
1710001171000,S1,C1,18.4601,1.40898e-05,40.1512,179.817,-12.0072,nominal
1710001171000,S2,C1,12.8443,0.0141272,40.093,321.989,-11.8894,edfa_aging
1710001171000,S3,C1,18.5605,1.13565e-05,39.6784,179.864,-11.9865,nominal
1710001172000,S1,C1,18.567,1.11994e-05,39.7946,180.202,-12.1291,nominal
1710001172000,S2,C1,12.8064,0.0144739,39.9873,321.902,-12.064,edfa_aging
1710001172000,S3,C1,18.4859,1.33366e-05,39.9207,180.269,-12.0675,nominal
1710001173000,S1,C1,18.4562,1.42066e-05,40.0314,180.391,-12.0634,nominal
1710001173000,S2,C1,12.7211,0.0152762,39.9976,322.646,-12.1254,edfa_aging
1710001173000,S3,C1,18.4593,1.41145e-05,40.046,179.828,-12.0513,nominal
1710001174000,S1,C1,18.585,1.07683e-05,40.0358,181.129,-12.0147,nominal
1710001174000,S2,C1,12.7678,0.0148336,39.7151,322.384,-11.9969,edfa_aging
1710001174000,S3,C1,18.6023,1.0368e-05,39.8059,179.679,-11.9837,nominal
1710001175000,S1,C1,18.4733,1.36993e-05,40.24,180.034,-11.9536,nominal
1710001175000,S2,C1,12.8468,0.0141045,40.0852,322.073,-11.9876,edfa_aging
1710001175000,S3,C1,18.4744,1.36666e-05,40.175,180.218,-11.966,nominal
1710001176000,S1,C1,18.5969,1.04911e-05,39.9664,179.678,-11.9849,nominal
1710001176000,S2,C1,12.8637,0.0139515,39.8365,321.981,-12.1001,edfa_aging
1710001176000,S3,C1,18.3633,1.7267e-05,40.0569,179.704,-11.8228,nominal
1710001177000,S1,C1,18.527,1.22119e-05,40.0488,180.062,-11.9151,nominal
1710001177000,S2,C1,12.8297,0.01426,40.0969,321.93,-12.1009,edfa_aging
1710001177000,S3,C1,18.5259,1.22397e-05,39.9056,180.726,-11.8688,nominal
1710001178000,S1,C1,18.5227,1.2325e-05,39.8758,180.263,-12.1735,nominal
1710001178000,S2,C1,12.9487,0.0132005,39.7145,322.67,-12.167,edfa_aging
1710001178000,S3,C1,18.5488,1.16487e-05,39.9275,179.488,-11.9972,nominal
1710001179000,S1,C1,18.5403,1.1866e-05,40.0636,180.047,-11.998,nominal
1710001179000,S2,C1,12.8244,0.0143086,40.1735,321.927,-11.9549,edfa_aging
1710001179000,S3,C1,18.5842,1.07867e-05,40.0527,179.948,-11.9713,nominal
1710001180000,S1,C1,18.5451,1.17427e-05,40.0597,179.569,-12.0115,nominal
1710001180000,S2,C1,12.7674,0.0148379,39.9709,322.643,-11.9344,edfa_aging
1710001180000,S3,C1,18.5874,1.07114e-05,40.3194,179.684,-11.9173,nominal
1710001181000,S1,C1,18.5702,1.11215e-05,39.9042,179.951,-12.0833,nominal
1710001181000,S2,C1,12.7293,0.0151984,39.6521,321.881,-12.0176,edfa_aging
1710001181000,S3,C1,18.6531,9.27076e-06,40.2915,180.135,-11.9326,nominal
1710001182000,S1,C1,18.5866,1.07293e-05,39.9329,179.975,-12.0033,nominal
1710001182000,S2,C1,12.8769,0.0138328,40.0128,322.329,-11.971,edfa_aging
1710001182000,S3,C1,18.4719,1.37419e-05,39.7928,180.543,-11.9961,nominal
1710001183000,S1,C1,18.4827,1.34292e-05,39.9946,179.431,-12.0595,nominal
1710001183000,S2,C1,12.7764,0.014753,40.0092,321.898,-12.0719,edfa_aging
1710001183000,S3,C1,18.4507,1.43737e-05,40.0957,179.821,-11.9197,nominal
1710001184000,S1,C1,18.4375,1.47813e-05,40.0873,179.511,-11.9658,nominal
1710001184000,S2,C1,12.7797,0.0147225,40.0101,322.635,-12.0867,edfa_aging
1710001184000,S3,C1,18.4273,1.51029e-05,39.7874,179.371,-11.9763,nominal
1710001185000,S1,C1,18.3664,1.7157e-05,39.8252,180.469,-12.0276,nominal
1710001185000,S2,C1,12.7556,0.0149484,39.8294,322.58,-12.0149,edfa_aging
1710001185000,S3,C1,18.5846,1.07761e-05,39.9862,180.125,-12.0782,nominal
1710001186000,S1,C1,18.4806,1.34875e-05,40.1335,179.104,-11.9596,nominal
1710001186000,S2,C1,12.7542,0.0149617,40.3265,322.342,-12.0719,edfa_aging
1710001186000,S3,C1,18.4779,1.35656e-05,39.8585,180.034,-12.1865,nominal
1710001187000,S1,C1,18.538,1.19244e-05,39.9491,180.059,-12.0727,nominal
1710001187000,S2,C1,12.7754,0.0147626,39.919,321.944,-11.9966,edfa_aging
1710001187000,S3,C1,18.416,1.54657e-05,39.9627,180.265,-12.146,nominal
1710001188000,S1,C1,18.5189,1.24255e-05,40.2873,179.888,-11.8986,nominal
1710001188000,S2,C1,12.8154,0.014391,40.1424,321.535,-11.9467,edfa_aging
1710001188000,S3,C1,18.3971,1.60918e-05,39.9405,179.677,-12.0785,nominal
1710001189000,S1,C1,18.5058,1.27818e-05,40.2209,180.544,-11.9682,nominal
1710001189000,S2,C1,12.8181,0.0143661,39.6224,322.442,-12.0502,edfa_aging
1710001189000,S3,C1,18.5059,1.27767e-05,40.0598,179.747,-12.0479,nominal
1710001190000,S1,C1,18.4825,1.34342e-05,39.9382,180.235,-11.8575,nominal
1710001190000,S2,C1,12.8068,0.0144708,40.0848,323.11,-11.9742,edfa_aging
1710001190000,S3,C1,18.4782,1.3558e-05,39.8941,179.7,-12.0231,nominal
1710001191000,S1,C1,18.468,1.38555e-05,39.9045,179.648,-12.0108,nominal
1710001191000,S2,C1,12.8354,0.0142082,40.0662,322.362,-11.9438,edfa_aging
1710001191000,S3,C1,18.5153,1.25236e-05,40.1092,179.782,-11.9175,nominal
1710001192000,S1,C1,18.4858,1.33392e-05,40.3721,180.493,-12.0401,nominal
1710001192000,S2,C1,12.7616,0.0148917,39.9897,322.881,-12.0558,edfa_aging
1710001192000,S3,C1,18.4569,1.41862e-05,39.9878,179.968,-12.1027,nominal
1710001193000,S1,C1,18.5194,1.24113e-05,40.095,179.769,-11.9891,nominal
1710001193000,S2,C1,12.7332,0.0151608,40.1772,322.455,-12.0214,edfa_aging
1710001193000,S3,C1,18.4629,1.40059e-05,39.8694,180.554,-12.1293,nominal
1710001194000,S1,C1,18.4118,1.56047e-05,40.0856,180.784,-12.0373,nominal
1710001194000,S2,C1,12.7804,0.0147153,39.9036,323.122,-12.0066,edfa_aging
1710001194000,S3,C1,18.523,1.23171e-05,40.2218,180.184,-11.9803,nominal
1710001195000,S1,C1,18.5364,1.19648e-05,39.9353,180.651,-12.0831,nominal
1710001195000,S2,C1,12.678,0.0156929,40.06,322.544,-11.9999,edfa_aging
1710001195000,S3,C1,18.4896,1.32323e-05,40.0548,179.855,-12.0143,nominal
1710001196000,S1,C1,18.4271,1.51099e-05,39.9799,179.96,-11.9988,nominal
1710001196000,S2,C1,12.823,0.0143216,39.9833,323.465,-12.0067,edfa_aging
1710001196000,S3,C1,18.5284,1.21745e-05,39.9743,179.424,-12.0485,nominal
1710001197000,S1,C1,18.4921,1.31616e-05,40.1217,180.3,-12.0052,nominal
1710001197000,S2,C1,12.8043,0.0144937,40.0337,322.637,-11.9964,edfa_aging
1710001197000,S3,C1,18.4932,1.31296e-05,40.0189,180.582,-12.0405,nominal
1710001198000,S1,C1,18.4683,1.38474e-05,40.0929,180.066,-12.052,nominal
1710001198000,S2,C1,12.8037,0.0144991,39.8478,322.926,-12.049,edfa_aging
1710001198000,S3,C1,18.4854,1.33523e-05,40.11,180.27,-12.2238,nominal
1710001199000,S1,C1,18.4815,1.3462e-05,39.8741,179.634,-12.0307,nominal
1710001199000,S2,C1,12.7208,0.0152798,40.0892,323.77,-11.977,edfa_aging
1710001199000,S3,C1,18.5176,1.24605e-05,39.9856,180.566,-12.0882,nominal
